area_type,availability,location,size,society,total_sqft,bath,balcony,price
Built-up  Area,18-Dec,Whitefield,3 BHK,nan,2600,5.0,0.0,329.0830216251445
Plot  Area,18-Dec,Kothanur,6 Bedroom,Theanmp,1206,1.0,3.0,30.52173735848143
Plot  Area,19-May,Electronic City Phase II,6 Bedroom,nan,1206,1.0,1.0,336.38773477954675
Carpet  Area,Ready To Move,Uttarahalli,4 Bedroom,nan,1100 - 1500,1.0,2.0,367.16246415658156
Carpet  Area,18-Dec,Whitefield,4 Bedroom,Mainpro,2700,3.0,0.0,190.66659592112737
Super built-up  Area,19-May,Electronic City Phase II,4 Bedroom,SollyCl,1310,4.0,3.0,212.22351381527082
Built-up  Area,18-Dec,Uttarahalli,1 BHK,nan,1521,4.0,2.0,302.420618595865
Super built-up  Area,Ready To Move,Kothanur,6 Bedroom,Coomege ,1440,5.0,3.0,302.3450976076581
Carpet  Area,Ready To Move,Kothanur,6 Bedroom,Theanmp,1100 - 1500,1.0,2.0,253.17105751728073
Plot  Area,Ready To Move,Uttarahalli,3 Bedroom,Coomege ,2700,3.0,3.0,382.56015258623717
Plot  Area,Ready To Move,Chikka Tirupathi,1 BHK,SollyCl,1056,3.0,3.0,280.3284932393661
Built-up  Area,18-Dec,Rajaji Nagar,1 BHK,Coomege ,1206,2.0,1.0,95.50289127960639
Carpet  Area,18-Dec,Old Airport Road,6 Bedroom,Coomege ,1521,4.0,1.0,324.32846637082804
Built-up  Area,19-May,Old Airport Road,3 Bedroom,SollyCl,1521,3.0,3.0,210.929222294106
Plot  Area,18-Apr,Whitefield,2 BHK,Coomege ,1056,3.0,0.0,45.660285592586874
Super built-up  Area,Ready To Move,Uttarahalli,1 BHK,nan,1056,5.0,1.0,83.64810959366866
Carpet  Area,Ready To Move,Old Airport Road,2 BHK,SollyCl,2700,5.0,1.0,300.1093042917452
Carpet  Area,Ready To Move,Kothanur,2 BHK,nan,1100 - 1500,2.0,2.0,200.64799745477004
Carpet  Area,19-May,Whitefield,6 Bedroom,nan,2600,3.0,0.0,60.61291506237254
Carpet  Area,19-May,Electronic City Phase II,4 BHK,SollyCl,2600,4.0,2.0,255.00558397856108
Plot  Area,18-Apr,Electronic City Phase II,3 BHK,Theanmp,1206,4.0,0.0,298.08696497134406
Plot  Area,Ready To Move,Old Airport Road,6 Bedroom,SollyCl,1521,1.0,3.0,330.634076793814
Super built-up  Area,Ready To Move,Electronic City Phase II,3 BHK,Theanmp,2600,1.0,1.0,257.02108184879125
Plot  Area,18-Apr,Rajaji Nagar,3 BHK,SollyCl,1440,2.0,1.0,85.11245687914399
Carpet  Area,18-Apr,Kothanur,4 Bedroom,Coomege ,1521,4.0,0.0,329.1374840016984
Built-up  Area,Ready To Move,Whitefield,1 BHK,nan,1100 - 1500,1.0,0.0,208.72102685858982
Carpet  Area,Ready To Move,Electronic City Phase II,1 BHK,SollyCl,1521,3.0,2.0,108.84145239121531
Super built-up  Area,18-Dec,Chikka Tirupathi,3 Bedroom,Prrscly,1100 - 1500,1.0,2.0,152.9768318411124
Built-up  Area,18-Apr,Lingadheeranahalli,3 BHK,nan,1310,2.0,3.0,103.08919164487627
Super built-up  Area,19-May,Chikka Tirupathi,4 BHK,SollyCl,1310,4.0,0.0,383.37519263495216
Carpet  Area,18-Apr,Old Airport Road,6 Bedroom,Mainpro,1521,1.0,1.0,84.22405331220097
Carpet  Area,19-May,Lingadheeranahalli,4 Bedroom,Mainpro,1056,3.0,0.0,380.5957711840662
Carpet  Area,19-May,Uttarahalli,2 BHK,Theanmp,2600,1.0,0.0,277.2493603622633
Built-up  Area,18-Apr,Electronic City Phase II,4 BHK,Prrscly,1310,3.0,0.0,52.10938634092555
Plot  Area,19-May,Uttarahalli,2 BHK,Mainpro,1206,3.0,0.0,329.5061069909151
Plot  Area,18-Apr,Electronic City Phase II,4 Bedroom,Mainpro,2700,4.0,1.0,141.40578580506883
Plot  Area,18-Apr,Electronic City Phase II,6 Bedroom,nan,1310,4.0,1.0,141.6338593777531
Carpet  Area,19-May,Chikka Tirupathi,3 Bedroom,nan,1310,1.0,3.0,281.9270648091954
Built-up  Area,19-May,Lingadheeranahalli,2 BHK,SollyCl,1056,1.0,0.0,115.89967003219141
Carpet  Area,18-Dec,Chikka Tirupathi,3 Bedroom,nan,1440,3.0,3.0,377.03033755811794
Super built-up  Area,19-May,Chikka Tirupathi,3 BHK,Theanmp,1521,3.0,1.0,322.64120915183713
Built-up  Area,18-Apr,Electronic City Phase II,6 Bedroom,nan,1206,5.0,1.0,211.05237037310545
Carpet  Area,18-Apr,Whitefield,2 BHK,nan,1100 - 1500,1.0,0.0,213.91256747913434
Built-up  Area,Ready To Move,Lingadheeranahalli,2 BHK,nan,2600,3.0,3.0,100.04366193454426
Plot  Area,19-May,Lingadheeranahalli,6 Bedroom,nan,1100 - 1500,3.0,3.0,107.25408872984804
Carpet  Area,18-Dec,Lingadheeranahalli,4 BHK,Mainpro,1440,1.0,1.0,367.96939980388004
Built-up  Area,Ready To Move,Electronic City Phase II,1 BHK,Theanmp,1521,5.0,2.0,343.6153865219903
Built-up  Area,18-Dec,Lingadheeranahalli,4 BHK,Coomege ,2700,3.0,2.0,136.5321897834003
Plot  Area,Ready To Move,Rajaji Nagar,4 BHK,nan,1100 - 1500,4.0,1.0,167.50428831293507
Super built-up  Area,18-Apr,Kothanur,4 Bedroom,Prrscly,2600,2.0,3.0,322.9108006633675
Super built-up  Area,18-Dec,Chikka Tirupathi,2 BHK,Prrscly,1310,4.0,0.0,46.55183664178436
Plot  Area,19-May,Rajaji Nagar,1 BHK,SollyCl,2600,4.0,0.0,391.4594234317443
Plot  Area,Ready To Move,Lingadheeranahalli,3 Bedroom,nan,1440,1.0,1.0,144.02444345486873
Built-up  Area,19-May,Whitefield,6 Bedroom,Prrscly,1521,2.0,2.0,316.39236523494884
Built-up  Area,Ready To Move,Kothanur,4 BHK,Mainpro,1440,1.0,3.0,170.44044278398292
Built-up  Area,Ready To Move,Kothanur,1 BHK,nan,1310,2.0,3.0,288.0955252150883
Super built-up  Area,18-Apr,Old Airport Road,3 BHK,Theanmp,1100 - 1500,5.0,3.0,83.77006333497957
Carpet  Area,19-May,Lingadheeranahalli,1 BHK,Mainpro,1056,5.0,0.0,229.82526964181366
Plot  Area,19-May,Rajaji Nagar,3 BHK,Coomege ,1440,1.0,3.0,66.19041867262914
Super built-up  Area,18-Dec,Chikka Tirupathi,6 Bedroom,Theanmp,1100 - 1500,3.0,2.0,48.549726655540695
Plot  Area,19-May,Kothanur,4 Bedroom,Mainpro,1440,4.0,2.0,380.1692531719826
Plot  Area,18-Apr,Lingadheeranahalli,6 Bedroom,Theanmp,1100 - 1500,5.0,2.0,340.5084423938692
Carpet  Area,18-Apr,Electronic City Phase II,3 Bedroom,SollyCl,2700,1.0,2.0,141.57647765494107
Super built-up  Area,18-Apr,Kothanur,4 Bedroom,nan,1056,5.0,3.0,37.32103049059724
Built-up  Area,Ready To Move,Whitefield,6 Bedroom,Theanmp,1056,2.0,1.0,261.20377378320563
Carpet  Area,18-Apr,Chikka Tirupathi,6 Bedroom,Mainpro,1100 - 1500,1.0,3.0,43.233507010969156
Plot  Area,Ready To Move,Old Airport Road,1 BHK,Prrscly,2600,2.0,3.0,324.9525882748846
Plot  Area,19-May,Rajaji Nagar,4 Bedroom,nan,1056,3.0,2.0,151.0141522058924
Carpet  Area,19-May,Lingadheeranahalli,4 BHK,Theanmp,2600,3.0,1.0,126.72794163028968
Built-up  Area,Ready To Move,Uttarahalli,4 BHK,Coomege ,2700,1.0,1.0,244.46821511934252
Super built-up  Area,19-May,Lingadheeranahalli,4 Bedroom,Mainpro,1440,4.0,3.0,291.44294371263163
Plot  Area,Ready To Move,Lingadheeranahalli,1 BHK,SollyCl,2600,4.0,2.0,86.81037764075788
Built-up  Area,Ready To Move,Lingadheeranahalli,3 BHK,SollyCl,1056,5.0,2.0,44.271320411923824
Carpet  Area,19-May,Uttarahalli,4 BHK,Theanmp,1100 - 1500,2.0,0.0,198.62903813932846
Plot  Area,18-Apr,Electronic City Phase II,3 Bedroom,Prrscly,1521,2.0,2.0,30.067897960851592
Built-up  Area,18-Dec,Chikka Tirupathi,2 BHK,Coomege ,1100 - 1500,5.0,0.0,286.87646427250064
Carpet  Area,18-Apr,Chikka Tirupathi,4 Bedroom,Coomege ,1056,5.0,3.0,124.55157265743554
Plot  Area,Ready To Move,Chikka Tirupathi,3 Bedroom,Mainpro,2700,3.0,0.0,308.0919174025498
Plot  Area,19-May,Chikka Tirupathi,4 BHK,Coomege ,1056,4.0,0.0,277.6506208657844
Plot  Area,18-Apr,Whitefield,4 BHK,Coomege ,2600,1.0,0.0,325.4197408077798
Carpet  Area,Ready To Move,Whitefield,3 Bedroom,Theanmp,1206,4.0,0.0,239.8810255421686
Built-up  Area,Ready To Move,Rajaji Nagar,2 BHK,SollyCl,1310,2.0,3.0,81.84836567079536
Carpet  Area,18-Dec,Uttarahalli,3 BHK,SollyCl,1521,3.0,0.0,99.96840402886745
Carpet  Area,18-Dec,Chikka Tirupathi,3 Bedroom,Prrscly,2600,2.0,2.0,308.3734712954823
Plot  Area,18-Apr,Chikka Tirupathi,2 BHK,Coomege ,1521,3.0,2.0,111.44862260662012
Built-up  Area,Ready To Move,Whitefield,3 BHK,Coomege ,1440,4.0,1.0,45.024850053463325
Super built-up  Area,Ready To Move,Whitefield,4 BHK,SollyCl,2700,4.0,1.0,388.0584253810618
Carpet  Area,Ready To Move,Old Airport Road,2 BHK,Mainpro,1440,5.0,1.0,30.256608227700823
Super built-up  Area,Ready To Move,Lingadheeranahalli,2 BHK,Prrscly,2700,2.0,2.0,285.0380856674028
Built-up  Area,Ready To Move,Old Airport Road,3 BHK,Prrscly,1056,4.0,3.0,45.993481865691905
Carpet  Area,18-Dec,Uttarahalli,2 BHK,Mainpro,1521,5.0,3.0,292.41642461898766
Built-up  Area,Ready To Move,Old Airport Road,3 BHK,nan,1100 - 1500,3.0,3.0,123.07145428699
Carpet  Area,18-Dec,Whitefield,4 Bedroom,Mainpro,1100 - 1500,2.0,0.0,212.95907780575183
Super built-up  Area,18-Apr,Lingadheeranahalli,3 Bedroom,Prrscly,1440,3.0,3.0,142.21081605526206
Built-up  Area,Ready To Move,Rajaji Nagar,6 Bedroom,nan,1310,1.0,1.0,89.69787200050382
Built-up  Area,Ready To Move,Old Airport Road,4 Bedroom,Mainpro,1100 - 1500,5.0,3.0,321.94946848622794
Plot  Area,19-May,Old Airport Road,3 BHK,Mainpro,1206,4.0,1.0,309.1045568766791
Carpet  Area,Ready To Move,Kothanur,2 BHK,nan,1100 - 1500,5.0,0.0,247.4766966866794
Carpet  Area,Ready To Move,Old Airport Road,4 Bedroom,Mainpro,1521,3.0,1.0,384.45000603020515
Carpet  Area,19-May,Chikka Tirupathi,6 Bedroom,SollyCl,2600,3.0,3.0,59.91999292216639
Plot  Area,18-Dec,Lingadheeranahalli,2 BHK,Coomege ,2700,4.0,0.0,141.18840378173888
Plot  Area,18-Dec,Rajaji Nagar,4 BHK,SollyCl,1206,3.0,0.0,189.73185698000685
Plot  Area,Ready To Move,Lingadheeranahalli,2 BHK,Theanmp,1521,1.0,2.0,338.22978618180036
Plot  Area,18-Dec,Rajaji Nagar,3 Bedroom,nan,1100 - 1500,3.0,2.0,370.57025954389945
Plot  Area,18-Apr,Rajaji Nagar,2 BHK,SollyCl,1440,1.0,3.0,199.66216267512672
Built-up  Area,19-May,Old Airport Road,2 BHK,Prrscly,2600,2.0,1.0,99.01793274848559
Plot  Area,19-May,Electronic City Phase II,3 BHK,Mainpro,1100 - 1500,4.0,2.0,397.5562726119362
Built-up  Area,Ready To Move,Kothanur,3 BHK,Mainpro,1521,4.0,1.0,143.53164288498263
Plot  Area,19-May,Lingadheeranahalli,2 BHK,SollyCl,2700,5.0,0.0,291.84781782090914
Super built-up  Area,18-Dec,Electronic City Phase II,2 BHK,nan,2700,1.0,2.0,264.9702313509988
Plot  Area,18-Apr,Electronic City Phase II,6 Bedroom,Prrscly,1100 - 1500,5.0,1.0,158.10329590426727
Plot  Area,18-Apr,Old Airport Road,6 Bedroom,Coomege ,2700,5.0,3.0,186.40624650491705
Plot  Area,19-May,Old Airport Road,3 BHK,nan,1056,3.0,3.0,381.56722547742083
Carpet  Area,19-May,Lingadheeranahalli,3 BHK,nan,1056,2.0,1.0,323.459730977175
Built-up  Area,18-Dec,Uttarahalli,4 Bedroom,SollyCl,1206,4.0,0.0,253.02774683715617
Plot  Area,Ready To Move,Chikka Tirupathi,3 BHK,nan,1440,1.0,1.0,74.0462531105553
Super built-up  Area,Ready To Move,Kothanur,4 Bedroom,Theanmp,1056,5.0,1.0,107.01617647536777
Built-up  Area,Ready To Move,Lingadheeranahalli,4 Bedroom,Coomege ,1056,2.0,3.0,173.67320684591866
Built-up  Area,18-Dec,Uttarahalli,4 BHK,nan,1056,3.0,3.0,323.5773396248772
Super built-up  Area,19-May,Old Airport Road,6 Bedroom,SollyCl,1310,5.0,3.0,157.0630605330001
Super built-up  Area,18-Dec,Lingadheeranahalli,3 Bedroom,SollyCl,1100 - 1500,1.0,2.0,152.80078909013787
Built-up  Area,Ready To Move,Electronic City Phase II,4 BHK,Mainpro,1206,5.0,1.0,367.0626008289358
Super built-up  Area,18-Apr,Uttarahalli,6 Bedroom,Coomege ,1310,1.0,1.0,157.85444046298508
Carpet  Area,18-Apr,Electronic City Phase II,1 BHK,Mainpro,2600,1.0,0.0,86.83494731853213
Built-up  Area,19-May,Lingadheeranahalli,1 BHK,Coomege ,1056,3.0,3.0,280.14879115778257
Plot  Area,Ready To Move,Lingadheeranahalli,2 BHK,Prrscly,1100 - 1500,1.0,1.0,232.88717851023176
Super built-up  Area,18-Dec,Electronic City Phase II,1 BHK,SollyCl,1440,1.0,2.0,308.39516870413826
Carpet  Area,18-Dec,Whitefield,6 Bedroom,SollyCl,1310,4.0,3.0,216.7754092783673
Super built-up  Area,18-Apr,Old Airport Road,6 Bedroom,Mainpro,1206,2.0,1.0,249.72692253631166
Built-up  Area,Ready To Move,Rajaji Nagar,4 Bedroom,nan,1310,5.0,2.0,249.2018778268194
Carpet  Area,18-Dec,Kothanur,3 Bedroom,Mainpro,1310,1.0,1.0,222.70702172091424
Built-up  Area,18-Dec,Uttarahalli,1 BHK,Coomege ,1440,4.0,0.0,380.16940519477293
Plot  Area,18-Apr,Rajaji Nagar,4 Bedroom,Prrscly,1310,1.0,2.0,51.52924140187419
Carpet  Area,19-May,Chikka Tirupathi,1 BHK,nan,1100 - 1500,3.0,1.0,164.00135889469286
Plot  Area,18-Apr,Whitefield,3 Bedroom,Theanmp,2600,4.0,0.0,389.30806909982493
Carpet  Area,18-Apr,Whitefield,6 Bedroom,nan,1056,3.0,2.0,292.2363743925858
Plot  Area,18-Apr,Kothanur,3 Bedroom,nan,1440,2.0,1.0,87.1685250976278
Built-up  Area,18-Dec,Chikka Tirupathi,3 Bedroom,nan,1056,2.0,2.0,351.77548469667835
Super built-up  Area,18-Dec,Kothanur,4 BHK,SollyCl,2600,2.0,3.0,161.21554056704792
Built-up  Area,18-Dec,Chikka Tirupathi,6 Bedroom,Mainpro,2700,5.0,0.0,97.85055032305574
Super built-up  Area,Ready To Move,Uttarahalli,3 BHK,Coomege ,1056,5.0,3.0,76.75295938272458
Plot  Area,18-Apr,Whitefield,2 BHK,nan,1310,1.0,3.0,307.7139601664331
Super built-up  Area,19-May,Uttarahalli,4 Bedroom,Theanmp,1100 - 1500,2.0,0.0,333.2175565413267
Super built-up  Area,18-Apr,Lingadheeranahalli,4 BHK,SollyCl,1056,2.0,2.0,282.88970909953747
Super built-up  Area,18-Apr,Kothanur,2 BHK,nan,1521,4.0,1.0,351.03335160316755
Carpet  Area,Ready To Move,Kothanur,3 BHK,SollyCl,1440,3.0,1.0,397.3804687962467
Carpet  Area,18-Apr,Chikka Tirupathi,3 BHK,Theanmp,1310,5.0,1.0,302.0721110568183
Carpet  Area,19-May,Whitefield,3 Bedroom,Mainpro,1440,2.0,3.0,104.88398462828462
Plot  Area,18-Dec,Whitefield,2 BHK,SollyCl,1056,2.0,0.0,104.02461054899233
Carpet  Area,19-May,Lingadheeranahalli,1 BHK,nan,1440,2.0,2.0,118.43869885866712
Super built-up  Area,18-Apr,Uttarahalli,3 BHK,Coomege ,1440,5.0,2.0,252.47314370137866
Carpet  Area,Ready To Move,Whitefield,1 BHK,Coomege ,2700,4.0,2.0,64.09501157667975
Carpet  Area,18-Dec,Chikka Tirupathi,1 BHK,Mainpro,1206,3.0,1.0,68.94078043651514
Plot  Area,Ready To Move,Chikka Tirupathi,4 Bedroom,nan,1100 - 1500,2.0,3.0,320.3744478017076
Built-up  Area,19-May,Uttarahalli,4 BHK,Prrscly,1100 - 1500,3.0,1.0,73.61343398371719
Plot  Area,Ready To Move,Chikka Tirupathi,6 Bedroom,SollyCl,1100 - 1500,5.0,0.0,66.43601660709828
Plot  Area,18-Apr,Old Airport Road,1 BHK,nan,1310,1.0,3.0,243.4054859209791
Built-up  Area,18-Apr,Chikka Tirupathi,4 Bedroom,Coomege ,1100 - 1500,1.0,1.0,137.87009194486905
Plot  Area,18-Dec,Uttarahalli,3 BHK,Mainpro,1521,3.0,2.0,127.99192678088644
Carpet  Area,Ready To Move,Chikka Tirupathi,3 Bedroom,nan,1206,1.0,0.0,80.56040920427665
Carpet  Area,Ready To Move,Lingadheeranahalli,3 BHK,Mainpro,1521,5.0,3.0,231.9636945280067
Plot  Area,18-Apr,Kothanur,1 BHK,nan,1100 - 1500,4.0,1.0,227.68635916753396
Plot  Area,18-Dec,Lingadheeranahalli,2 BHK,Theanmp,1100 - 1500,2.0,0.0,354.32421442326023
Super built-up  Area,Ready To Move,Uttarahalli,4 Bedroom,Mainpro,1310,5.0,2.0,373.64428458649365
Super built-up  Area,19-May,Electronic City Phase II,2 BHK,Theanmp,1056,5.0,0.0,297.7193392669654
Built-up  Area,18-Dec,Old Airport Road,2 BHK,nan,2700,3.0,2.0,124.74941805360099
Plot  Area,18-Apr,Electronic City Phase II,3 BHK,nan,2600,1.0,3.0,148.94600909742644
Carpet  Area,19-May,Lingadheeranahalli,1 BHK,Prrscly,1521,1.0,3.0,226.91165197000498
Plot  Area,19-May,Rajaji Nagar,1 BHK,Coomege ,1440,5.0,2.0,112.80435448299532
Built-up  Area,Ready To Move,Whitefield,6 Bedroom,Theanmp,1100 - 1500,3.0,0.0,368.2618844062569
Plot  Area,Ready To Move,Old Airport Road,4 BHK,nan,1440,5.0,3.0,380.65071291073787
Plot  Area,19-May,Whitefield,3 Bedroom,Prrscly,2600,2.0,3.0,317.1274842897052
Built-up  Area,18-Apr,Lingadheeranahalli,4 BHK,Theanmp,1440,1.0,3.0,245.21499452749646
Plot  Area,19-May,Whitefield,3 Bedroom,Mainpro,2600,1.0,2.0,213.478077852656
Carpet  Area,Ready To Move,Electronic City Phase II,6 Bedroom,Mainpro,1206,1.0,0.0,275.33737379835895
Carpet  Area,Ready To Move,Uttarahalli,3 Bedroom,SollyCl,2600,1.0,1.0,69.52583094703704
Carpet  Area,Ready To Move,Lingadheeranahalli,3 Bedroom,Coomege ,2700,4.0,0.0,377.28743293053736
Built-up  Area,18-Dec,Uttarahalli,3 Bedroom,Theanmp,1100 - 1500,3.0,2.0,316.4123434697152
Built-up  Area,Ready To Move,Whitefield,6 Bedroom,nan,1310,1.0,3.0,37.083087014990234
Plot  Area,Ready To Move,Chikka Tirupathi,4 BHK,Prrscly,1440,1.0,3.0,379.64312094049535
Carpet  Area,Ready To Move,Old Airport Road,4 Bedroom,SollyCl,2600,2.0,0.0,210.3838265785904
Super built-up  Area,18-Apr,Rajaji Nagar,3 Bedroom,nan,1310,2.0,2.0,219.09061056773584
Carpet  Area,Ready To Move,Whitefield,2 BHK,Prrscly,1206,1.0,0.0,332.8717733606026
Carpet  Area,18-Dec,Chikka Tirupathi,2 BHK,Mainpro,2600,2.0,1.0,176.6622906277641
Plot  Area,Ready To Move,Lingadheeranahalli,2 BHK,Coomege ,1056,1.0,3.0,311.821017594081
Built-up  Area,Ready To Move,Lingadheeranahalli,3 BHK,Coomege ,1100 - 1500,2.0,0.0,95.12315281710738
Super built-up  Area,18-Dec,Lingadheeranahalli,4 Bedroom,nan,1310,5.0,3.0,164.964264887935
Built-up  Area,Ready To Move,Whitefield,1 BHK,Theanmp,1056,3.0,0.0,145.62451311845956
Plot  Area,19-May,Kothanur,4 BHK,Theanmp,1521,2.0,3.0,239.0543372005453
Plot  Area,Ready To Move,Rajaji Nagar,6 Bedroom,nan,2600,1.0,2.0,249.3826505847489
Built-up  Area,Ready To Move,Electronic City Phase II,3 BHK,SollyCl,1440,2.0,0.0,190.09239732841843
Super built-up  Area,19-May,Uttarahalli,4 Bedroom,SollyCl,2700,4.0,1.0,272.81853247855827
Super built-up  Area,18-Dec,Chikka Tirupathi,3 BHK,Mainpro,1440,3.0,0.0,355.76418849321504
Carpet  Area,18-Apr,Lingadheeranahalli,1 BHK,Theanmp,1310,3.0,3.0,359.7812381849208
Built-up  Area,18-Dec,Uttarahalli,2 BHK,Mainpro,1521,2.0,1.0,317.36447394356543
Built-up  Area,Ready To Move,Chikka Tirupathi,6 Bedroom,Coomege ,1206,3.0,3.0,280.9157865560197
Plot  Area,Ready To Move,Whitefield,1 BHK,SollyCl,1521,1.0,1.0,391.9381287389481
Plot  Area,19-May,Uttarahalli,3 Bedroom,Prrscly,1056,5.0,2.0,368.0125796003712
Built-up  Area,18-Dec,Old Airport Road,2 BHK,Coomege ,2700,1.0,0.0,75.16789744513608
Plot  Area,19-May,Old Airport Road,1 BHK,nan,1440,2.0,0.0,34.50520973875445
Super built-up  Area,18-Apr,Chikka Tirupathi,4 BHK,Prrscly,2600,4.0,1.0,352.7240957993035
Built-up  Area,Ready To Move,Old Airport Road,3 BHK,Prrscly,1100 - 1500,2.0,3.0,388.0129139418881
Built-up  Area,19-May,Electronic City Phase II,3 Bedroom,nan,1056,5.0,1.0,149.94888550642213
Carpet  Area,18-Dec,Chikka Tirupathi,1 BHK,nan,1310,3.0,3.0,176.70170770255095
Super built-up  Area,Ready To Move,Uttarahalli,4 Bedroom,Theanmp,1521,5.0,3.0,85.41116867755824
Super built-up  Area,19-May,Electronic City Phase II,6 Bedroom,Mainpro,2600,3.0,1.0,169.45382210425544
Carpet  Area,19-May,Chikka Tirupathi,3 BHK,nan,2700,5.0,1.0,149.4032252120511
Carpet  Area,19-May,Chikka Tirupathi,6 Bedroom,Prrscly,1521,1.0,0.0,255.55929459664478
Built-up  Area,19-May,Electronic City Phase II,3 Bedroom,SollyCl,1206,3.0,1.0,91.7348014778263
Super built-up  Area,Ready To Move,Whitefield,6 Bedroom,Coomege ,1206,1.0,1.0,231.6678967076629
Super built-up  Area,18-Dec,Kothanur,3 BHK,nan,1206,4.0,2.0,133.84295243662677
Plot  Area,18-Dec,Old Airport Road,6 Bedroom,Mainpro,1100 - 1500,2.0,2.0,194.90876634062838
Built-up  Area,18-Apr,Old Airport Road,6 Bedroom,Coomege ,1056,4.0,1.0,70.02558389066265
Super built-up  Area,18-Apr,Uttarahalli,3 BHK,Prrscly,2600,2.0,0.0,288.470710726795
Built-up  Area,18-Dec,Lingadheeranahalli,4 Bedroom,Theanmp,1521,5.0,1.0,91.84097303360234
Carpet  Area,Ready To Move,Electronic City Phase II,3 Bedroom,Coomege ,1100 - 1500,1.0,0.0,302.57250886189127
Plot  Area,19-May,Rajaji Nagar,1 BHK,Theanmp,1100 - 1500,2.0,3.0,45.49657441543688
Plot  Area,18-Apr,Kothanur,4 Bedroom,Theanmp,2600,2.0,1.0,119.38682758802221
Built-up  Area,18-Dec,Old Airport Road,4 Bedroom,Prrscly,2700,3.0,0.0,111.78499636050357
Carpet  Area,18-Dec,Lingadheeranahalli,1 BHK,Coomege ,1440,2.0,3.0,158.96370775721027
Super built-up  Area,18-Apr,Rajaji Nagar,3 Bedroom,Theanmp,1310,5.0,1.0,322.19314543559636
Plot  Area,18-Apr,Kothanur,4 Bedroom,Theanmp,2600,1.0,3.0,283.98733510566274
Super built-up  Area,Ready To Move,Chikka Tirupathi,4 BHK,Theanmp,1056,3.0,1.0,62.43387580933948
Carpet  Area,19-May,Electronic City Phase II,3 Bedroom,Coomege ,1056,4.0,0.0,279.35887554088725
Built-up  Area,18-Dec,Old Airport Road,1 BHK,Theanmp,1440,1.0,0.0,34.641483368790226
Built-up  Area,18-Apr,Chikka Tirupathi,6 Bedroom,SollyCl,1056,5.0,3.0,322.8186262901885
Built-up  Area,19-May,Old Airport Road,4 BHK,Theanmp,1521,5.0,0.0,377.1499873946797
Plot  Area,Ready To Move,Electronic City Phase II,4 Bedroom,Prrscly,2700,2.0,0.0,201.63846604574917
Built-up  Area,19-May,Whitefield,6 Bedroom,Mainpro,1310,1.0,1.0,244.211798705117
Carpet  Area,Ready To Move,Kothanur,4 BHK,SollyCl,1440,3.0,3.0,84.20059835873775
Super built-up  Area,Ready To Move,Chikka Tirupathi,3 BHK,Mainpro,1440,5.0,2.0,326.17218444457
Plot  Area,18-Apr,Chikka Tirupathi,4 Bedroom,nan,1206,3.0,1.0,84.73657037253844
Built-up  Area,18-Apr,Lingadheeranahalli,6 Bedroom,SollyCl,2700,5.0,2.0,199.9542119991228
Carpet  Area,18-Dec,Electronic City Phase II,6 Bedroom,Prrscly,1100 - 1500,4.0,1.0,147.33622879784912
Built-up  Area,18-Apr,Old Airport Road,6 Bedroom,SollyCl,1521,4.0,0.0,243.44227308150178
Plot  Area,19-May,Uttarahalli,4 BHK,SollyCl,1440,2.0,0.0,357.61837997989073
Super built-up  Area,Ready To Move,Kothanur,1 BHK,nan,1100 - 1500,4.0,2.0,199.044347237861
Super built-up  Area,19-May,Kothanur,3 Bedroom,nan,1056,4.0,2.0,94.60902768540588
Built-up  Area,18-Apr,Electronic City Phase II,1 BHK,SollyCl,1521,5.0,3.0,40.941255495145406
Super built-up  Area,18-Dec,Chikka Tirupathi,4 BHK,Prrscly,1521,4.0,1.0,284.70965902204347
Plot  Area,18-Apr,Lingadheeranahalli,6 Bedroom,Mainpro,1206,3.0,0.0,108.66402127032536
Super built-up  Area,18-Apr,Old Airport Road,1 BHK,SollyCl,1310,3.0,2.0,226.06342689215006
Carpet  Area,19-May,Electronic City Phase II,4 BHK,nan,2600,1.0,1.0,234.91236733011746
Plot  Area,18-Dec,Chikka Tirupathi,6 Bedroom,Theanmp,2600,3.0,2.0,79.58346577995435
Carpet  Area,19-May,Electronic City Phase II,3 BHK,Prrscly,1100 - 1500,2.0,1.0,128.93010229800137
Super built-up  Area,19-May,Rajaji Nagar,6 Bedroom,SollyCl,1440,3.0,3.0,393.49454331945805
Carpet  Area,19-May,Uttarahalli,2 BHK,Theanmp,1100 - 1500,3.0,2.0,343.4843015586263
Plot  Area,Ready To Move,Lingadheeranahalli,4 BHK,Coomege ,2600,1.0,1.0,163.33843314849898
Super built-up  Area,18-Apr,Whitefield,4 BHK,Theanmp,1100 - 1500,5.0,2.0,253.74045014261773
Super built-up  Area,19-May,Whitefield,4 Bedroom,Theanmp,2600,4.0,1.0,94.07177216513537
Built-up  Area,Ready To Move,Old Airport Road,6 Bedroom,SollyCl,2600,2.0,0.0,283.74878505140305
Plot  Area,18-Dec,Whitefield,2 BHK,nan,1100 - 1500,3.0,0.0,196.75768635360222
Carpet  Area,18-Apr,Old Airport Road,1 BHK,nan,2600,2.0,2.0,339.5204243680711
Super built-up  Area,18-Dec,Kothanur,6 Bedroom,Coomege ,1056,5.0,2.0,59.609244449702096
Plot  Area,18-Apr,Rajaji Nagar,6 Bedroom,Coomege ,1440,3.0,2.0,276.1211341479226
Carpet  Area,Ready To Move,Kothanur,2 BHK,nan,1056,2.0,3.0,327.4648444257978
Carpet  Area,19-May,Lingadheeranahalli,4 Bedroom,Theanmp,1310,1.0,3.0,236.59275177061343
Carpet  Area,18-Apr,Chikka Tirupathi,4 BHK,SollyCl,1100 - 1500,1.0,1.0,331.1687883598013
Super built-up  Area,18-Apr,Rajaji Nagar,1 BHK,Coomege ,1310,5.0,0.0,202.17457664036993
Super built-up  Area,18-Dec,Chikka Tirupathi,6 Bedroom,Mainpro,1056,1.0,3.0,339.48862152050776
Plot  Area,18-Apr,Chikka Tirupathi,4 BHK,nan,1100 - 1500,2.0,1.0,279.61445834202215
Plot  Area,19-May,Chikka Tirupathi,1 BHK,Prrscly,1310,5.0,0.0,294.0261665231743
Plot  Area,18-Apr,Electronic City Phase II,6 Bedroom,Mainpro,1056,3.0,0.0,195.06546750650912
Plot  Area,18-Apr,Electronic City Phase II,4 Bedroom,Prrscly,1056,4.0,3.0,34.40466236006769
Built-up  Area,19-May,Electronic City Phase II,4 Bedroom,nan,2700,5.0,1.0,60.79320671467375
Super built-up  Area,18-Dec,Electronic City Phase II,3 BHK,SollyCl,1206,1.0,0.0,323.69389420043404
Plot  Area,18-Dec,Lingadheeranahalli,4 BHK,Mainpro,1206,2.0,1.0,302.4594190560799
Super built-up  Area,Ready To Move,Old Airport Road,3 BHK,Prrscly,2700,1.0,2.0,231.75222642718427
Carpet  Area,18-Apr,Kothanur,6 Bedroom,nan,1310,1.0,1.0,107.85884589756557
Built-up  Area,19-May,Electronic City Phase II,3 Bedroom,Prrscly,1206,2.0,3.0,202.27963779053653
Plot  Area,18-Apr,Lingadheeranahalli,1 BHK,Coomege ,2700,4.0,1.0,305.4568948174301
Super built-up  Area,Ready To Move,Lingadheeranahalli,4 BHK,Coomege ,1440,4.0,0.0,346.9664353756024
Plot  Area,19-May,Old Airport Road,3 BHK,Theanmp,1206,1.0,0.0,146.29123610453462
Super built-up  Area,18-Apr,Electronic City Phase II,1 BHK,Coomege ,2700,1.0,1.0,86.4071644392281
Super built-up  Area,18-Dec,Electronic City Phase II,4 BHK,nan,1056,2.0,0.0,337.0583831255949
Carpet  Area,19-May,Chikka Tirupathi,4 Bedroom,nan,2600,4.0,3.0,175.36686203652945
Carpet  Area,19-May,Whitefield,4 Bedroom,SollyCl,2700,4.0,1.0,236.44865999453287
Plot  Area,Ready To Move,Uttarahalli,2 BHK,Theanmp,1206,1.0,2.0,358.50524732790404
Built-up  Area,18-Dec,Chikka Tirupathi,4 BHK,Mainpro,1521,2.0,3.0,331.3104716557723
Super built-up  Area,Ready To Move,Uttarahalli,1 BHK,Coomege ,1310,2.0,3.0,215.24122561254515
Carpet  Area,Ready To Move,Uttarahalli,4 BHK,Mainpro,1521,2.0,0.0,177.92360612524553
Built-up  Area,Ready To Move,Lingadheeranahalli,1 BHK,Mainpro,2700,4.0,2.0,364.66431124149716
Built-up  Area,19-May,Whitefield,1 BHK,Prrscly,2700,4.0,0.0,327.4666712067097
Plot  Area,19-May,Kothanur,3 Bedroom,Prrscly,1521,3.0,3.0,396.7947302927583
Built-up  Area,18-Apr,Old Airport Road,2 BHK,nan,1100 - 1500,2.0,2.0,106.4058853427276
Super built-up  Area,Ready To Move,Old Airport Road,3 BHK,Coomege ,1100 - 1500,5.0,2.0,45.917762782640885
Carpet  Area,Ready To Move,Chikka Tirupathi,3 Bedroom,Coomege ,1206,1.0,1.0,322.51580608422586
Super built-up  Area,18-Apr,Kothanur,4 BHK,Coomege ,2700,1.0,2.0,372.4073612686218
Carpet  Area,19-May,Electronic City Phase II,4 BHK,SollyCl,1440,5.0,2.0,348.7812660257263
Built-up  Area,Ready To Move,Kothanur,2 BHK,Coomege ,1521,5.0,1.0,151.49975514902872
Built-up  Area,Ready To Move,Kothanur,3 Bedroom,Theanmp,1310,4.0,0.0,273.24059758659166
Plot  Area,19-May,Kothanur,4 BHK,Prrscly,2600,2.0,1.0,185.85074303288263
Carpet  Area,19-May,Whitefield,1 BHK,Coomege ,1440,4.0,1.0,334.8925674919694
Super built-up  Area,Ready To Move,Old Airport Road,1 BHK,Prrscly,1521,4.0,2.0,372.573103934898
Built-up  Area,18-Apr,Rajaji Nagar,1 BHK,Coomege ,1521,3.0,3.0,88.91078220904791
Plot  Area,18-Apr,Electronic City Phase II,3 BHK,nan,1440,1.0,1.0,95.04078225245364
Carpet  Area,19-May,Kothanur,3 Bedroom,Prrscly,2600,4.0,3.0,210.92179495313482
Plot  Area,19-May,Lingadheeranahalli,3 Bedroom,Prrscly,2700,5.0,2.0,164.47163517426497
Plot  Area,19-May,Lingadheeranahalli,3 BHK,nan,1100 - 1500,3.0,1.0,381.1588870676684
Carpet  Area,18-Apr,Lingadheeranahalli,3 BHK,Theanmp,1206,4.0,3.0,187.41439553332535
Super built-up  Area,Ready To Move,Lingadheeranahalli,3 BHK,SollyCl,1310,3.0,1.0,366.2840807939371
Carpet  Area,18-Dec,Uttarahalli,3 Bedroom,Coomege ,1310,1.0,1.0,47.951903617187895
Built-up  Area,19-May,Old Airport Road,3 BHK,Prrscly,2600,5.0,3.0,90.49066406386032
Carpet  Area,Ready To Move,Kothanur,3 Bedroom,Coomege ,1310,5.0,1.0,67.74331551804136
Super built-up  Area,19-May,Whitefield,3 BHK,SollyCl,2700,3.0,3.0,246.6610986398274
Plot  Area,Ready To Move,Rajaji Nagar,4 Bedroom,nan,1056,4.0,1.0,100.64278172177711
Carpet  Area,19-May,Electronic City Phase II,4 BHK,SollyCl,2600,4.0,3.0,119.93104812492471
Plot  Area,19-May,Lingadheeranahalli,4 BHK,Theanmp,2700,3.0,3.0,225.85478477480936
Carpet  Area,18-Apr,Electronic City Phase II,4 Bedroom,Mainpro,1310,3.0,0.0,145.700821092178
Carpet  Area,19-May,Uttarahalli,2 BHK,Mainpro,1206,1.0,0.0,151.6754542646118
Super built-up  Area,18-Apr,Kothanur,4 BHK,Prrscly,1440,5.0,1.0,108.06379840968329
Plot  Area,18-Dec,Electronic City Phase II,4 Bedroom,Coomege ,1310,2.0,0.0,45.419425037434706
Built-up  Area,19-May,Chikka Tirupathi,3 BHK,Coomege ,1206,1.0,3.0,212.3767431820323
Plot  Area,18-Dec,Chikka Tirupathi,6 Bedroom,SollyCl,1440,5.0,0.0,218.50612138877398
Built-up  Area,18-Dec,Lingadheeranahalli,1 BHK,Theanmp,2700,5.0,0.0,336.0740192465169
Plot  Area,Ready To Move,Electronic City Phase II,4 Bedroom,SollyCl,1100 - 1500,3.0,1.0,101.3574175773427
Carpet  Area,18-Dec,Old Airport Road,4 Bedroom,Prrscly,1100 - 1500,4.0,0.0,345.1742421236785
Carpet  Area,18-Apr,Chikka Tirupathi,1 BHK,Theanmp,2600,4.0,0.0,394.19800162831524
Plot  Area,19-May,Uttarahalli,4 BHK,Theanmp,1056,2.0,3.0,76.90302020510293
Super built-up  Area,Ready To Move,Lingadheeranahalli,3 BHK,nan,1521,3.0,2.0,256.2181327772874
Built-up  Area,18-Apr,Chikka Tirupathi,4 Bedroom,SollyCl,1521,5.0,0.0,36.26184925526528
Carpet  Area,18-Apr,Rajaji Nagar,1 BHK,Coomege ,2700,5.0,0.0,246.0190039490605
Super built-up  Area,19-May,Whitefield,2 BHK,Coomege ,2600,2.0,1.0,197.22082986370927
Super built-up  Area,18-Dec,Kothanur,3 BHK,Prrscly,1310,5.0,2.0,183.42866673048553
Plot  Area,19-May,Kothanur,6 Bedroom,Prrscly,2600,5.0,3.0,138.90387794400004
Built-up  Area,19-May,Lingadheeranahalli,6 Bedroom,nan,1440,3.0,3.0,33.77911933784535
Carpet  Area,Ready To Move,Whitefield,4 Bedroom,Prrscly,1206,1.0,3.0,68.30960831530373
Carpet  Area,18-Apr,Kothanur,3 Bedroom,Theanmp,1100 - 1500,4.0,2.0,71.9859199261943
Plot  Area,Ready To Move,Whitefield,4 BHK,Theanmp,1056,3.0,2.0,218.45882657845175
Carpet  Area,19-May,Lingadheeranahalli,2 BHK,nan,1100 - 1500,1.0,3.0,347.1202030834189
Super built-up  Area,18-Dec,Rajaji Nagar,3 Bedroom,nan,1521,2.0,3.0,32.99313195858526
Super built-up  Area,18-Apr,Lingadheeranahalli,1 BHK,nan,1440,4.0,3.0,281.11762540711965
Carpet  Area,Ready To Move,Whitefield,6 Bedroom,Prrscly,1440,3.0,2.0,50.80496801387346
Super built-up  Area,Ready To Move,Uttarahalli,3 BHK,Theanmp,1056,3.0,1.0,113.44910447283591
Plot  Area,18-Apr,Lingadheeranahalli,4 BHK,Mainpro,1206,5.0,0.0,173.38722209101388
Built-up  Area,Ready To Move,Chikka Tirupathi,3 BHK,Coomege ,1100 - 1500,4.0,3.0,138.86969189379403
Built-up  Area,18-Dec,Chikka Tirupathi,6 Bedroom,Coomege ,1310,4.0,1.0,34.36176845474303
Built-up  Area,Ready To Move,Lingadheeranahalli,3 Bedroom,Mainpro,2600,4.0,2.0,59.38230912818666
Super built-up  Area,18-Dec,Whitefield,6 Bedroom,SollyCl,1100 - 1500,3.0,1.0,148.9547021725924
Plot  Area,Ready To Move,Old Airport Road,4 Bedroom,SollyCl,2700,4.0,3.0,354.9768197900481
Plot  Area,18-Apr,Rajaji Nagar,3 BHK,nan,1206,4.0,3.0,232.3857083357729
Carpet  Area,18-Apr,Electronic City Phase II,3 Bedroom,Coomege ,1056,4.0,3.0,218.90874650422575
Plot  Area,18-Apr,Lingadheeranahalli,4 Bedroom,nan,2600,3.0,0.0,208.4515445055481
Carpet  Area,18-Dec,Chikka Tirupathi,6 Bedroom,Prrscly,1100 - 1500,4.0,0.0,148.98279012559402
Super built-up  Area,18-Dec,Uttarahalli,1 BHK,Prrscly,2700,1.0,3.0,311.35043328626955
Plot  Area,18-Dec,Chikka Tirupathi,6 Bedroom,Coomege ,1206,2.0,0.0,95.02702161756153
Carpet  Area,Ready To Move,Rajaji Nagar,3 BHK,nan,1206,1.0,1.0,37.29227908655537
Plot  Area,18-Apr,Lingadheeranahalli,3 Bedroom,nan,1310,4.0,0.0,142.6822212287155
Carpet  Area,19-May,Uttarahalli,4 Bedroom,Coomege ,1206,1.0,3.0,130.8274754286643
Super built-up  Area,Ready To Move,Rajaji Nagar,3 BHK,Theanmp,1056,3.0,2.0,85.58555130595742
Carpet  Area,18-Apr,Kothanur,4 BHK,Mainpro,1206,4.0,0.0,333.114741220101
Plot  Area,Ready To Move,Lingadheeranahalli,4 Bedroom,SollyCl,1100 - 1500,2.0,0.0,305.8723591184926
Carpet  Area,18-Dec,Electronic City Phase II,3 Bedroom,Theanmp,2600,2.0,1.0,356.4859452003499
Carpet  Area,18-Apr,Electronic City Phase II,4 Bedroom,Coomege ,1440,1.0,0.0,293.3530823396676
Carpet  Area,18-Dec,Old Airport Road,6 Bedroom,Coomege ,2600,4.0,0.0,32.142069782442455
Built-up  Area,Ready To Move,Uttarahalli,4 Bedroom,Prrscly,1206,1.0,3.0,350.85736168086305
Super built-up  Area,Ready To Move,Chikka Tirupathi,3 Bedroom,Prrscly,1440,3.0,2.0,382.5073356989423
Super built-up  Area,19-May,Lingadheeranahalli,3 BHK,Mainpro,1206,3.0,2.0,105.5236231604007
Plot  Area,18-Dec,Uttarahalli,6 Bedroom,Prrscly,1206,1.0,2.0,350.6693489507945
Carpet  Area,Ready To Move,Whitefield,1 BHK,nan,1521,5.0,3.0,153.36449080443305
Built-up  Area,Ready To Move,Lingadheeranahalli,3 Bedroom,nan,1310,4.0,1.0,92.7735845952561
Carpet  Area,18-Dec,Rajaji Nagar,3 Bedroom,Theanmp,1206,3.0,0.0,250.36481403167787
Carpet  Area,Ready To Move,Uttarahalli,1 BHK,Theanmp,1521,4.0,0.0,208.7638598609695
Carpet  Area,18-Dec,Chikka Tirupathi,2 BHK,SollyCl,1206,2.0,2.0,228.26120827895122
Super built-up  Area,19-May,Lingadheeranahalli,1 BHK,Theanmp,2600,5.0,2.0,393.0743262772902
Super built-up  Area,18-Dec,Chikka Tirupathi,1 BHK,Theanmp,2600,1.0,0.0,83.1133448882459
Super built-up  Area,18-Dec,Lingadheeranahalli,3 BHK,SollyCl,2700,5.0,3.0,240.33591198132936
Plot  Area,Ready To Move,Kothanur,2 BHK,Mainpro,1521,3.0,1.0,85.62887379783562
Carpet  Area,18-Apr,Rajaji Nagar,1 BHK,Mainpro,1440,5.0,3.0,295.3778101569892
Plot  Area,Ready To Move,Lingadheeranahalli,3 BHK,Mainpro,1206,4.0,2.0,367.6860301145654
Super built-up  Area,Ready To Move,Whitefield,4 Bedroom,nan,1100 - 1500,1.0,2.0,62.89852603231688
Built-up  Area,18-Apr,Lingadheeranahalli,4 Bedroom,SollyCl,1521,2.0,1.0,34.979177331367886
Carpet  Area,19-May,Electronic City Phase II,6 Bedroom,Theanmp,2600,4.0,3.0,334.42581903824555
Plot  Area,19-May,Kothanur,6 Bedroom,nan,1206,1.0,2.0,39.80582806905248
Built-up  Area,18-Dec,Kothanur,3 BHK,Theanmp,1100 - 1500,4.0,3.0,262.83261654447676
Super built-up  Area,Ready To Move,Uttarahalli,3 BHK,Mainpro,1100 - 1500,4.0,2.0,256.917207316286
Plot  Area,Ready To Move,Electronic City Phase II,3 BHK,Theanmp,1440,4.0,2.0,308.3558983818375
Built-up  Area,18-Apr,Chikka Tirupathi,3 Bedroom,Theanmp,1310,5.0,3.0,144.2330111178236
Built-up  Area,19-May,Kothanur,3 BHK,SollyCl,1310,3.0,1.0,195.53588250373915
Carpet  Area,18-Apr,Kothanur,2 BHK,Prrscly,1206,3.0,2.0,258.74628499846017
Carpet  Area,18-Dec,Whitefield,6 Bedroom,nan,1056,4.0,1.0,185.40019720852248
Built-up  Area,18-Dec,Kothanur,3 BHK,Coomege ,1521,5.0,1.0,182.66600952694034
Super built-up  Area,18-Dec,Uttarahalli,3 BHK,nan,1521,1.0,1.0,183.46416221752898
Built-up  Area,18-Apr,Whitefield,2 BHK,Mainpro,1100 - 1500,2.0,3.0,245.34324957003963
Super built-up  Area,18-Apr,Whitefield,3 Bedroom,SollyCl,2600,4.0,3.0,41.132741489833705
Built-up  Area,19-May,Kothanur,6 Bedroom,Coomege ,2700,5.0,1.0,306.9756543202805
Built-up  Area,19-May,Old Airport Road,1 BHK,Prrscly,1206,2.0,0.0,124.96682838615679
Carpet  Area,Ready To Move,Whitefield,3 Bedroom,Prrscly,2600,4.0,1.0,348.69343779869797
Plot  Area,Ready To Move,Rajaji Nagar,4 BHK,SollyCl,1440,2.0,3.0,369.5081750061165
Built-up  Area,19-May,Rajaji Nagar,3 BHK,Prrscly,1100 - 1500,1.0,2.0,310.7493386529141
Carpet  Area,19-May,Chikka Tirupathi,3 BHK,SollyCl,2700,2.0,1.0,112.38322615294581
Carpet  Area,18-Dec,Old Airport Road,4 BHK,Coomege ,1056,3.0,2.0,200.25389617665854
Carpet  Area,19-May,Chikka Tirupathi,4 Bedroom,nan,1521,3.0,3.0,209.43060365877838
Carpet  Area,18-Dec,Old Airport Road,1 BHK,Mainpro,1521,5.0,3.0,45.819919458787055
Plot  Area,18-Dec,Uttarahalli,1 BHK,Mainpro,1310,3.0,2.0,265.9790631245804
Plot  Area,18-Dec,Whitefield,3 Bedroom,Coomege ,1100 - 1500,3.0,0.0,206.10628747413585
Carpet  Area,Ready To Move,Chikka Tirupathi,4 BHK,Coomege ,1056,2.0,0.0,393.1704756598898
Carpet  Area,19-May,Chikka Tirupathi,2 BHK,nan,1440,1.0,2.0,386.46147926888966
Plot  Area,Ready To Move,Chikka Tirupathi,3 Bedroom,Prrscly,1521,1.0,0.0,337.6229250516729
Plot  Area,18-Apr,Electronic City Phase II,3 Bedroom,nan,1206,1.0,2.0,256.6567777797179
Built-up  Area,19-May,Uttarahalli,4 Bedroom,SollyCl,1100 - 1500,4.0,0.0,243.41426647801694
Carpet  Area,18-Apr,Chikka Tirupathi,3 Bedroom,Coomege ,1521,1.0,1.0,262.9875906144921
Carpet  Area,19-May,Uttarahalli,2 BHK,nan,1056,2.0,1.0,349.3223936784163
Plot  Area,18-Dec,Electronic City Phase II,4 BHK,Coomege ,1100 - 1500,3.0,3.0,317.0624137826472
Carpet  Area,18-Dec,Old Airport Road,2 BHK,Theanmp,1056,4.0,3.0,72.82939323434577
Plot  Area,18-Apr,Old Airport Road,3 Bedroom,Mainpro,2600,4.0,2.0,103.06807993367454
Built-up  Area,18-Apr,Chikka Tirupathi,3 Bedroom,Prrscly,1521,1.0,0.0,70.52561817986795
Plot  Area,19-May,Kothanur,3 Bedroom,Theanmp,2700,1.0,0.0,340.9328317766146
Carpet  Area,Ready To Move,Electronic City Phase II,4 Bedroom,nan,1310,4.0,1.0,137.8395401404356
Carpet  Area,Ready To Move,Rajaji Nagar,4 BHK,Coomege ,1521,4.0,1.0,361.7375683001728
Carpet  Area,18-Apr,Lingadheeranahalli,1 BHK,Prrscly,1310,1.0,1.0,152.6672749626465
Built-up  Area,18-Dec,Kothanur,6 Bedroom,nan,1310,1.0,1.0,375.73630682525834
Carpet  Area,18-Apr,Whitefield,1 BHK,Theanmp,1521,4.0,3.0,91.93582456565466
Super built-up  Area,18-Apr,Kothanur,3 Bedroom,Theanmp,2700,3.0,2.0,78.23245512476137
Built-up  Area,19-May,Rajaji Nagar,3 BHK,Prrscly,1521,2.0,2.0,101.04976655700023
Plot  Area,18-Dec,Lingadheeranahalli,2 BHK,Theanmp,2600,4.0,2.0,53.2780272752737
Super built-up  Area,18-Dec,Lingadheeranahalli,2 BHK,Coomege ,1310,3.0,2.0,204.79538002288308
Super built-up  Area,Ready To Move,Kothanur,4 Bedroom,nan,1310,5.0,0.0,128.04377886146312
Super built-up  Area,19-May,Chikka Tirupathi,6 Bedroom,Mainpro,1440,2.0,2.0,238.07593927722135
Super built-up  Area,18-Apr,Uttarahalli,3 Bedroom,Theanmp,1100 - 1500,5.0,3.0,285.31819825485775
Super built-up  Area,18-Apr,Rajaji Nagar,3 BHK,Prrscly,1100 - 1500,5.0,1.0,358.4356850660064
Plot  Area,Ready To Move,Rajaji Nagar,2 BHK,Coomege ,1521,1.0,0.0,386.60729703595825
Built-up  Area,Ready To Move,Whitefield,2 BHK,SollyCl,2700,5.0,0.0,199.83756701386457
Super built-up  Area,Ready To Move,Electronic City Phase II,4 BHK,Prrscly,1056,3.0,0.0,30.476992819520827
Carpet  Area,18-Dec,Whitefield,3 BHK,Theanmp,1440,3.0,3.0,390.4407370576629
Built-up  Area,18-Dec,Uttarahalli,4 BHK,nan,1100 - 1500,3.0,0.0,381.2873225404498
Built-up  Area,Ready To Move,Uttarahalli,1 BHK,SollyCl,1056,3.0,2.0,392.8625336072383
Built-up  Area,18-Apr,Electronic City Phase II,3 Bedroom,Mainpro,1310,4.0,0.0,146.44558487412056
Built-up  Area,18-Apr,Chikka Tirupathi,4 BHK,Coomege ,1521,4.0,3.0,49.29133156608762
Carpet  Area,18-Apr,Kothanur,3 Bedroom,Coomege ,1521,2.0,3.0,124.97804926763119
Super built-up  Area,18-Dec,Whitefield,4 BHK,Theanmp,1100 - 1500,1.0,3.0,152.23810883719264
Super built-up  Area,18-Dec,Uttarahalli,3 BHK,Coomege ,2600,5.0,0.0,224.17548466363903
Carpet  Area,19-May,Old Airport Road,6 Bedroom,Prrscly,1440,2.0,1.0,290.3413627207061
Carpet  Area,19-May,Lingadheeranahalli,3 BHK,nan,1206,1.0,2.0,300.3476867825153
Carpet  Area,18-Dec,Rajaji Nagar,6 Bedroom,Coomege ,1440,5.0,0.0,262.00227089510656
Carpet  Area,Ready To Move,Chikka Tirupathi,1 BHK,Mainpro,1100 - 1500,2.0,1.0,289.6580976712246
Carpet  Area,18-Dec,Rajaji Nagar,4 Bedroom,Mainpro,2700,5.0,0.0,252.69486809407888
Plot  Area,18-Apr,Old Airport Road,1 BHK,Mainpro,1100 - 1500,3.0,2.0,89.55554689831465
Super built-up  Area,18-Dec,Whitefield,3 BHK,Theanmp,1056,1.0,0.0,31.26407267110242
Built-up  Area,Ready To Move,Old Airport Road,3 BHK,Prrscly,2700,1.0,3.0,377.8773333655203
Plot  Area,18-Apr,Uttarahalli,2 BHK,Theanmp,1056,4.0,2.0,74.36927192781525
Built-up  Area,Ready To Move,Uttarahalli,3 BHK,Theanmp,1056,4.0,1.0,146.58051925883703
Super built-up  Area,18-Apr,Electronic City Phase II,1 BHK,Prrscly,2700,1.0,2.0,374.37945023719476
Built-up  Area,18-Dec,Whitefield,2 BHK,Mainpro,1521,1.0,1.0,45.30216820746081
Built-up  Area,18-Apr,Rajaji Nagar,3 Bedroom,Coomege ,1056,3.0,0.0,38.14331751243408
Plot  Area,18-Apr,Uttarahalli,4 BHK,Mainpro,1521,3.0,1.0,51.03565982152723
Super built-up  Area,18-Dec,Electronic City Phase II,1 BHK,Mainpro,2600,3.0,0.0,363.40145617703774
Super built-up  Area,18-Dec,Chikka Tirupathi,3 Bedroom,nan,1206,1.0,2.0,243.28277179671701
Carpet  Area,19-May,Chikka Tirupathi,1 BHK,Mainpro,1056,4.0,3.0,235.89423823011523
Built-up  Area,Ready To Move,Uttarahalli,4 Bedroom,Mainpro,1100 - 1500,3.0,2.0,141.93974073354724
Built-up  Area,18-Dec,Lingadheeranahalli,1 BHK,nan,1206,4.0,0.0,202.56981175587018
Built-up  Area,18-Apr,Electronic City Phase II,6 Bedroom,Mainpro,1440,1.0,3.0,373.97768213441316
Built-up  Area,Ready To Move,Uttarahalli,4 BHK,Prrscly,1521,2.0,3.0,288.2388785512685
Built-up  Area,18-Dec,Rajaji Nagar,4 Bedroom,nan,1310,5.0,2.0,122.53842600908271
Plot  Area,Ready To Move,Electronic City Phase II,2 BHK,Mainpro,1100 - 1500,1.0,0.0,224.95926568601777
Plot  Area,18-Dec,Lingadheeranahalli,3 BHK,SollyCl,1521,1.0,2.0,87.83590834820004
Built-up  Area,19-May,Old Airport Road,3 Bedroom,nan,2700,3.0,2.0,254.79833452145704
Carpet  Area,19-May,Lingadheeranahalli,3 Bedroom,nan,2700,3.0,3.0,338.66385858092013
Built-up  Area,18-Dec,Chikka Tirupathi,3 BHK,nan,1056,3.0,0.0,218.83178090579165
Built-up  Area,19-May,Chikka Tirupathi,2 BHK,Theanmp,1521,4.0,0.0,274.49326035618856
Super built-up  Area,19-May,Chikka Tirupathi,6 Bedroom,Mainpro,2700,4.0,0.0,314.16291882508705
Super built-up  Area,18-Dec,Chikka Tirupathi,6 Bedroom,Coomege ,1310,5.0,0.0,381.9450953252089
Built-up  Area,18-Apr,Whitefield,3 Bedroom,Coomege ,1100 - 1500,5.0,3.0,103.46063017683508
Super built-up  Area,18-Dec,Chikka Tirupathi,6 Bedroom,SollyCl,2700,2.0,1.0,310.7777565377241
Plot  Area,Ready To Move,Lingadheeranahalli,6 Bedroom,Theanmp,1206,3.0,3.0,42.44235711618845
Built-up  Area,19-May,Whitefield,1 BHK,Mainpro,1100 - 1500,5.0,1.0,149.3758224464633
Super built-up  Area,Ready To Move,Uttarahalli,3 BHK,Prrscly,2600,2.0,1.0,71.11128586859729
Carpet  Area,18-Dec,Rajaji Nagar,3 BHK,Mainpro,2600,3.0,2.0,332.6437288922528
Plot  Area,18-Dec,Chikka Tirupathi,1 BHK,Theanmp,1206,4.0,0.0,327.20024196066004
Super built-up  Area,18-Dec,Electronic City Phase II,4 BHK,Theanmp,2700,5.0,3.0,188.28436740371842
Super built-up  Area,Ready To Move,Lingadheeranahalli,4 BHK,Mainpro,1100 - 1500,5.0,1.0,144.82543570424278
Plot  Area,18-Dec,Uttarahalli,4 Bedroom,Coomege ,1056,2.0,1.0,154.64151507159647
Plot  Area,19-May,Lingadheeranahalli,1 BHK,Mainpro,1521,3.0,2.0,224.53535375318543
Super built-up  Area,18-Apr,Lingadheeranahalli,3 BHK,Coomege ,1056,1.0,1.0,229.41581996889536
Built-up  Area,19-May,Whitefield,4 Bedroom,Mainpro,1310,3.0,1.0,95.66460538623093
Carpet  Area,18-Dec,Lingadheeranahalli,4 Bedroom,SollyCl,1521,5.0,2.0,331.61424008253255
Super built-up  Area,19-May,Old Airport Road,1 BHK,Theanmp,1521,1.0,0.0,349.48406069781913
Plot  Area,Ready To Move,Uttarahalli,2 BHK,Mainpro,1100 - 1500,4.0,3.0,202.72043447478381
Super built-up  Area,Ready To Move,Chikka Tirupathi,4 Bedroom,Mainpro,1521,2.0,0.0,219.62157522697728
Super built-up  Area,19-May,Whitefield,1 BHK,Mainpro,1206,5.0,3.0,271.47776807631135
Super built-up  Area,Ready To Move,Chikka Tirupathi,3 Bedroom,SollyCl,2600,2.0,0.0,395.57094172928424
Built-up  Area,Ready To Move,Kothanur,6 Bedroom,SollyCl,1100 - 1500,3.0,1.0,272.92552273476076
Carpet  Area,19-May,Electronic City Phase II,1 BHK,nan,1521,2.0,2.0,389.82450380241056
Carpet  Area,19-May,Kothanur,4 Bedroom,nan,2700,3.0,1.0,71.609691810388
Super built-up  Area,Ready To Move,Old Airport Road,6 Bedroom,Prrscly,1056,4.0,3.0,70.77974676497851
Plot  Area,18-Dec,Kothanur,4 BHK,Theanmp,1056,4.0,0.0,172.6918151417387
Super built-up  Area,18-Dec,Electronic City Phase II,2 BHK,SollyCl,1206,5.0,2.0,98.30184581783818
Plot  Area,18-Dec,Chikka Tirupathi,4 BHK,nan,1310,5.0,3.0,175.19544922032637
Carpet  Area,18-Apr,Rajaji Nagar,3 BHK,Theanmp,2600,1.0,2.0,220.18910150999108
Carpet  Area,Ready To Move,Electronic City Phase II,4 BHK,nan,1521,1.0,1.0,201.29550646936076
Built-up  Area,18-Dec,Kothanur,4 Bedroom,SollyCl,1521,3.0,2.0,327.7731925085662
Super built-up  Area,19-May,Old Airport Road,3 BHK,Mainpro,2700,2.0,2.0,102.17826686569154
Built-up  Area,19-May,Chikka Tirupathi,4 BHK,SollyCl,2700,4.0,0.0,34.94326498420341
Built-up  Area,Ready To Move,Kothanur,2 BHK,Coomege ,1100 - 1500,3.0,3.0,67.86163399433889
Built-up  Area,19-May,Lingadheeranahalli,4 Bedroom,SollyCl,2700,1.0,2.0,398.68931570515184
Carpet  Area,18-Dec,Lingadheeranahalli,6 Bedroom,SollyCl,2600,5.0,2.0,263.1972634766237
Super built-up  Area,Ready To Move,Uttarahalli,6 Bedroom,Theanmp,1100 - 1500,2.0,2.0,349.50551079310327
Plot  Area,19-May,Kothanur,2 BHK,Prrscly,1440,1.0,2.0,171.49464668015776
Super built-up  Area,18-Dec,Kothanur,2 BHK,nan,1100 - 1500,1.0,3.0,192.46265277958256
Built-up  Area,18-Dec,Kothanur,1 BHK,Prrscly,2700,3.0,3.0,294.18159267522833
Super built-up  Area,19-May,Uttarahalli,1 BHK,Mainpro,1100 - 1500,4.0,2.0,340.34697060029566
Built-up  Area,Ready To Move,Electronic City Phase II,2 BHK,SollyCl,1310,1.0,2.0,299.93141856968003
Built-up  Area,18-Apr,Rajaji Nagar,4 Bedroom,Prrscly,1056,1.0,1.0,319.59737386270956
Super built-up  Area,18-Apr,Whitefield,4 Bedroom,Theanmp,1056,5.0,0.0,163.74025961179552
Carpet  Area,19-May,Uttarahalli,6 Bedroom,SollyCl,1310,3.0,3.0,202.93696900350483
Carpet  Area,19-May,Rajaji Nagar,6 Bedroom,Prrscly,1056,5.0,0.0,36.63372024078171
Carpet  Area,19-May,Rajaji Nagar,3 BHK,Coomege ,1310,2.0,0.0,108.1420359198334
Plot  Area,18-Apr,Uttarahalli,2 BHK,Mainpro,1521,5.0,2.0,83.54453779649307
Built-up  Area,18-Dec,Electronic City Phase II,6 Bedroom,Mainpro,2600,4.0,1.0,167.58955282006562
Super built-up  Area,Ready To Move,Electronic City Phase II,3 Bedroom,Prrscly,1100 - 1500,4.0,1.0,219.4679451911276
Carpet  Area,19-May,Rajaji Nagar,2 BHK,Mainpro,1440,5.0,2.0,123.87318546246055
Built-up  Area,19-May,Uttarahalli,2 BHK,Mainpro,1100 - 1500,1.0,2.0,128.89819858431468
Super built-up  Area,18-Apr,Chikka Tirupathi,6 Bedroom,Coomege ,1100 - 1500,2.0,2.0,92.03801852071726
Built-up  Area,18-Apr,Rajaji Nagar,2 BHK,nan,1440,3.0,2.0,236.2309698478719
Carpet  Area,Ready To Move,Rajaji Nagar,6 Bedroom,Prrscly,1440,3.0,2.0,69.64553575340852
Carpet  Area,Ready To Move,Rajaji Nagar,4 Bedroom,Mainpro,1440,3.0,2.0,194.83827775194354
Super built-up  Area,18-Dec,Whitefield,6 Bedroom,Coomege ,1206,5.0,1.0,282.7636255429522
Super built-up  Area,18-Apr,Chikka Tirupathi,3 Bedroom,Theanmp,2700,4.0,0.0,393.1360276593067
Carpet  Area,18-Apr,Uttarahalli,2 BHK,nan,2700,4.0,1.0,160.98266274124708
Built-up  Area,19-May,Uttarahalli,3 Bedroom,SollyCl,1310,4.0,2.0,50.123283348541165
Built-up  Area,18-Apr,Uttarahalli,6 Bedroom,Theanmp,1100 - 1500,3.0,2.0,157.90034465517974
Super built-up  Area,18-Apr,Rajaji Nagar,1 BHK,Prrscly,1100 - 1500,4.0,1.0,265.8667789096996
Carpet  Area,19-May,Whitefield,3 BHK,SollyCl,2700,4.0,0.0,382.91245067964394
Carpet  Area,18-Dec,Kothanur,3 Bedroom,Theanmp,2600,4.0,0.0,308.46519782988696
Super built-up  Area,Ready To Move,Old Airport Road,4 BHK,SollyCl,1056,5.0,2.0,195.68403139824338
Built-up  Area,Ready To Move,Old Airport Road,1 BHK,Prrscly,2600,4.0,1.0,372.0424059781656
Super built-up  Area,18-Dec,Electronic City Phase II,3 BHK,nan,1206,5.0,3.0,100.13576353807328
Plot  Area,18-Apr,Lingadheeranahalli,3 Bedroom,Theanmp,1310,5.0,1.0,154.1514005316438
Super built-up  Area,18-Dec,Lingadheeranahalli,3 Bedroom,nan,1440,4.0,3.0,48.720546248041195
Super built-up  Area,18-Dec,Whitefield,3 Bedroom,Prrscly,1521,1.0,0.0,184.62089707192519
Super built-up  Area,19-May,Whitefield,4 Bedroom,Mainpro,2600,3.0,2.0,395.69247560650246
Super built-up  Area,19-May,Kothanur,4 BHK,Theanmp,1440,4.0,1.0,259.1098295573598
Built-up  Area,19-May,Whitefield,4 Bedroom,Coomege ,2700,3.0,3.0,230.6767094694886
Plot  Area,Ready To Move,Rajaji Nagar,4 BHK,Prrscly,1440,3.0,1.0,228.96161211340518
Plot  Area,18-Apr,Lingadheeranahalli,3 BHK,SollyCl,1440,5.0,2.0,108.88976879324876
Carpet  Area,18-Dec,Old Airport Road,3 Bedroom,Mainpro,2600,2.0,1.0,114.3558781230467
Carpet  Area,18-Apr,Lingadheeranahalli,3 Bedroom,Prrscly,2700,3.0,3.0,231.54030467925944
Built-up  Area,18-Apr,Uttarahalli,3 Bedroom,Coomege ,1056,1.0,2.0,395.0366999735616
Super built-up  Area,18-Apr,Electronic City Phase II,2 BHK,Mainpro,2600,5.0,1.0,258.48136552553854
Super built-up  Area,19-May,Old Airport Road,3 BHK,Mainpro,1056,2.0,1.0,294.8539706302776
Carpet  Area,Ready To Move,Rajaji Nagar,1 BHK,Coomege ,1521,4.0,3.0,298.74241884386026
Super built-up  Area,Ready To Move,Lingadheeranahalli,4 BHK,Coomege ,1440,2.0,3.0,228.5209149108767
Plot  Area,19-May,Electronic City Phase II,4 Bedroom,Prrscly,1056,4.0,0.0,205.06282779928586
Super built-up  Area,18-Dec,Lingadheeranahalli,4 BHK,Prrscly,1100 - 1500,4.0,1.0,396.06582671047994
Carpet  Area,18-Apr,Kothanur,3 Bedroom,Coomege ,1440,2.0,1.0,65.17512062607926
Built-up  Area,18-Dec,Rajaji Nagar,1 BHK,Coomege ,1440,4.0,1.0,332.1566019143937
Plot  Area,19-May,Old Airport Road,4 BHK,nan,1521,3.0,1.0,229.30427694478246
Plot  Area,19-May,Electronic City Phase II,1 BHK,Mainpro,2600,4.0,1.0,175.03558420044823
Carpet  Area,18-Dec,Chikka Tirupathi,3 Bedroom,Coomege ,1440,3.0,3.0,159.6219045239746
Super built-up  Area,19-May,Rajaji Nagar,6 Bedroom,Theanmp,1100 - 1500,4.0,0.0,151.7307200161577
Plot  Area,18-Dec,Kothanur,3 Bedroom,Mainpro,1056,2.0,0.0,345.2698227684015
Super built-up  Area,Ready To Move,Whitefield,3 Bedroom,SollyCl,2700,1.0,1.0,185.70138220988446
Plot  Area,19-May,Uttarahalli,4 Bedroom,SollyCl,2600,5.0,2.0,373.14979343335375
Built-up  Area,18-Dec,Whitefield,2 BHK,SollyCl,1310,2.0,0.0,52.01508436973279
Built-up  Area,19-May,Kothanur,4 Bedroom,Mainpro,1206,2.0,1.0,395.86232517096346
Plot  Area,Ready To Move,Uttarahalli,2 BHK,Mainpro,2700,2.0,0.0,388.9437929006616
Built-up  Area,18-Apr,Uttarahalli,3 BHK,Mainpro,1521,5.0,0.0,253.3419715399705
Built-up  Area,18-Dec,Old Airport Road,3 BHK,nan,2600,1.0,3.0,144.2326123166183
Plot  Area,18-Apr,Uttarahalli,3 BHK,SollyCl,1100 - 1500,4.0,2.0,287.9548135671994
Super built-up  Area,18-Dec,Chikka Tirupathi,1 BHK,SollyCl,1206,5.0,2.0,183.66579053045538
Plot  Area,19-May,Electronic City Phase II,6 Bedroom,Mainpro,1206,5.0,0.0,40.67184933652395
Built-up  Area,18-Apr,Lingadheeranahalli,3 BHK,Coomege ,1100 - 1500,4.0,2.0,146.60203291282383
Plot  Area,Ready To Move,Kothanur,2 BHK,Mainpro,1440,5.0,3.0,301.43567570187724
Carpet  Area,19-May,Whitefield,3 Bedroom,SollyCl,1206,1.0,3.0,177.66468380619105
Super built-up  Area,18-Apr,Electronic City Phase II,1 BHK,Prrscly,1440,2.0,3.0,334.2813759065924
Carpet  Area,18-Apr,Whitefield,6 Bedroom,Prrscly,1056,1.0,0.0,291.56754074849965
Plot  Area,18-Apr,Uttarahalli,3 Bedroom,Mainpro,2600,1.0,1.0,124.53581722760157
Super built-up  Area,18-Dec,Uttarahalli,4 BHK,Theanmp,1056,2.0,2.0,73.64735639652739
Super built-up  Area,Ready To Move,Lingadheeranahalli,6 Bedroom,Prrscly,1100 - 1500,5.0,1.0,364.98370427013947
Built-up  Area,18-Apr,Whitefield,6 Bedroom,Prrscly,1310,2.0,0.0,291.8365557574795
Carpet  Area,19-May,Electronic City Phase II,3 BHK,Theanmp,2600,1.0,0.0,245.80371072296208
Super built-up  Area,18-Apr,Lingadheeranahalli,4 BHK,Theanmp,1521,5.0,3.0,249.603707455157
Carpet  Area,Ready To Move,Kothanur,3 BHK,Theanmp,1100 - 1500,3.0,2.0,122.00793590220553
Super built-up  Area,18-Dec,Old Airport Road,6 Bedroom,nan,2600,3.0,3.0,62.17970596274374
Built-up  Area,18-Apr,Electronic City Phase II,3 BHK,Theanmp,1440,3.0,2.0,121.08435492511457
Plot  Area,18-Apr,Whitefield,1 BHK,Mainpro,1521,3.0,2.0,93.27178649270208
Plot  Area,19-May,Lingadheeranahalli,4 Bedroom,Mainpro,1521,3.0,1.0,115.3839425450245
Super built-up  Area,Ready To Move,Whitefield,3 Bedroom,nan,1206,1.0,1.0,215.27839836974363
Built-up  Area,18-Dec,Uttarahalli,3 BHK,Prrscly,1440,1.0,0.0,293.4593538516556
Super built-up  Area,Ready To Move,Chikka Tirupathi,6 Bedroom,Prrscly,1056,3.0,3.0,92.82930901685486
Super built-up  Area,19-May,Rajaji Nagar,2 BHK,Theanmp,1056,4.0,2.0,60.76563149150871
Built-up  Area,Ready To Move,Electronic City Phase II,3 Bedroom,SollyCl,2600,4.0,2.0,355.2645499413327
Built-up  Area,18-Dec,Rajaji Nagar,4 Bedroom,nan,1100 - 1500,1.0,2.0,155.68431985401367
Super built-up  Area,18-Apr,Old Airport Road,2 BHK,Theanmp,1206,1.0,0.0,355.2544633726933
Built-up  Area,19-May,Kothanur,3 Bedroom,nan,1100 - 1500,2.0,2.0,328.95074003414084
Super built-up  Area,19-May,Electronic City Phase II,3 BHK,Prrscly,2600,3.0,1.0,45.64441610462285
Plot  Area,19-May,Electronic City Phase II,1 BHK,Mainpro,1100 - 1500,4.0,2.0,218.490966198726
Built-up  Area,18-Dec,Electronic City Phase II,4 Bedroom,nan,2700,2.0,3.0,305.2195213026386
Carpet  Area,19-May,Kothanur,4 BHK,nan,1521,4.0,0.0,106.25652287122804
Built-up  Area,18-Dec,Chikka Tirupathi,3 BHK,nan,2700,4.0,0.0,329.53385725832044
Built-up  Area,18-Dec,Whitefield,6 Bedroom,Mainpro,1100 - 1500,1.0,3.0,383.9564877946196
Carpet  Area,18-Dec,Uttarahalli,6 Bedroom,SollyCl,1056,2.0,3.0,302.43071005214745
Plot  Area,18-Apr,Electronic City Phase II,3 Bedroom,nan,2600,2.0,2.0,186.14489530325324
Plot  Area,19-May,Whitefield,6 Bedroom,Coomege ,1310,5.0,0.0,373.8089155395363
Built-up  Area,18-Apr,Old Airport Road,4 BHK,SollyCl,1100 - 1500,2.0,3.0,51.422982434349166
Carpet  Area,18-Dec,Old Airport Road,4 BHK,Mainpro,2600,3.0,3.0,53.20952113782773
Carpet  Area,18-Apr,Whitefield,1 BHK,nan,1206,4.0,1.0,226.96347814677551
Super built-up  Area,19-May,Electronic City Phase II,3 BHK,Theanmp,2700,1.0,1.0,221.2100784008212
Carpet  Area,19-May,Whitefield,1 BHK,Coomege ,1100 - 1500,5.0,3.0,31.21355716710541
Super built-up  Area,18-Dec,Whitefield,2 BHK,Theanmp,1056,1.0,1.0,359.8302278238569
Plot  Area,18-Dec,Lingadheeranahalli,3 Bedroom,nan,1440,2.0,1.0,103.71566576030641
Plot  Area,18-Apr,Lingadheeranahalli,2 BHK,SollyCl,1521,1.0,1.0,330.07185784742495
Super built-up  Area,19-May,Chikka Tirupathi,3 Bedroom,Prrscly,1521,4.0,1.0,222.64829697903568
Carpet  Area,18-Dec,Electronic City Phase II,1 BHK,Mainpro,1056,1.0,3.0,351.5748747226101
Carpet  Area,Ready To Move,Uttarahalli,3 BHK,Theanmp,2700,4.0,1.0,99.18899505611893
Super built-up  Area,19-May,Lingadheeranahalli,4 Bedroom,Mainpro,1440,4.0,0.0,265.01950277641083
Built-up  Area,Ready To Move,Electronic City Phase II,3 BHK,Theanmp,2600,2.0,0.0,239.81504411722437
Plot  Area,18-Dec,Kothanur,3 Bedroom,SollyCl,1440,3.0,1.0,145.42612935822376
Carpet  Area,19-May,Old Airport Road,4 Bedroom,Theanmp,1310,2.0,0.0,207.5433834261429
Carpet  Area,Ready To Move,Uttarahalli,3 BHK,Theanmp,1440,4.0,0.0,278.84811832036087
Built-up  Area,18-Dec,Chikka Tirupathi,4 Bedroom,SollyCl,1100 - 1500,4.0,3.0,394.20679719357855
Built-up  Area,19-May,Chikka Tirupathi,1 BHK,Coomege ,1440,5.0,2.0,118.0313682681427
Super built-up  Area,Ready To Move,Uttarahalli,4 BHK,SollyCl,1056,5.0,2.0,143.33047885390647
Super built-up  Area,18-Dec,Uttarahalli,1 BHK,Theanmp,2600,3.0,3.0,325.1062720554411
Super built-up  Area,18-Apr,Electronic City Phase II,3 Bedroom,Theanmp,2700,4.0,0.0,357.5111954832967
Plot  Area,18-Dec,Kothanur,1 BHK,Mainpro,1100 - 1500,1.0,0.0,203.38815901790784
Plot  Area,Ready To Move,Kothanur,1 BHK,Prrscly,1440,4.0,3.0,175.04024383231706
Built-up  Area,18-Dec,Rajaji Nagar,3 Bedroom,nan,1100 - 1500,2.0,1.0,211.99777073354105
Carpet  Area,Ready To Move,Electronic City Phase II,3 BHK,Coomege ,2600,4.0,1.0,215.33724979994207
Carpet  Area,18-Apr,Chikka Tirupathi,6 Bedroom,Prrscly,1206,4.0,0.0,278.06039461148805
Plot  Area,18-Apr,Rajaji Nagar,4 BHK,SollyCl,2700,4.0,3.0,354.00603258687835
Plot  Area,19-May,Rajaji Nagar,1 BHK,Coomege ,1100 - 1500,1.0,0.0,249.17931132139574
Super built-up  Area,Ready To Move,Kothanur,2 BHK,nan,2700,5.0,3.0,226.5371246662275
Plot  Area,19-May,Uttarahalli,4 Bedroom,Coomege ,1440,1.0,2.0,97.81604899114342
Carpet  Area,Ready To Move,Whitefield,2 BHK,Coomege ,1310,3.0,1.0,166.33843804895585
Built-up  Area,19-May,Old Airport Road,1 BHK,nan,1056,1.0,1.0,342.38767716918005
Carpet  Area,18-Apr,Electronic City Phase II,4 BHK,Mainpro,2700,3.0,0.0,307.77546137483034
Super built-up  Area,Ready To Move,Old Airport Road,2 BHK,Theanmp,1206,1.0,0.0,258.7725317303488
Built-up  Area,18-Apr,Chikka Tirupathi,4 Bedroom,Prrscly,2700,2.0,2.0,191.4525140760037
Super built-up  Area,Ready To Move,Electronic City Phase II,3 Bedroom,Coomege ,1206,4.0,2.0,219.73130673958377
Carpet  Area,18-Dec,Kothanur,4 Bedroom,SollyCl,1521,4.0,1.0,89.01601296500512
Built-up  Area,18-Dec,Kothanur,2 BHK,Theanmp,1056,1.0,1.0,67.28114932274295
Super built-up  Area,19-May,Uttarahalli,3 BHK,SollyCl,1206,5.0,1.0,256.0667615199386
Super built-up  Area,18-Dec,Chikka Tirupathi,2 BHK,Mainpro,1440,5.0,1.0,203.5704044214169
Built-up  Area,Ready To Move,Whitefield,4 Bedroom,SollyCl,1100 - 1500,4.0,1.0,124.62554423643797
Plot  Area,Ready To Move,Whitefield,1 BHK,Coomege ,1100 - 1500,3.0,3.0,167.59495727249504
Built-up  Area,18-Dec,Rajaji Nagar,2 BHK,SollyCl,1440,4.0,1.0,282.9939397935959
Super built-up  Area,19-May,Old Airport Road,3 Bedroom,Theanmp,1310,2.0,2.0,114.96839764099492
Super built-up  Area,Ready To Move,Lingadheeranahalli,2 BHK,Theanmp,1206,1.0,2.0,178.9822636912461
Super built-up  Area,Ready To Move,Chikka Tirupathi,4 BHK,Theanmp,1206,4.0,2.0,297.46470560459363
Super built-up  Area,18-Apr,Old Airport Road,4 BHK,nan,1310,3.0,2.0,356.7136889821717
Plot  Area,Ready To Move,Electronic City Phase II,3 BHK,Theanmp,2600,5.0,3.0,41.879371503133434
Plot  Area,18-Apr,Electronic City Phase II,2 BHK,nan,1521,4.0,1.0,252.65463658785578
Plot  Area,18-Apr,Old Airport Road,3 Bedroom,Coomege ,1056,2.0,0.0,221.31338760643837
Super built-up  Area,18-Apr,Old Airport Road,3 Bedroom,Mainpro,1100 - 1500,3.0,1.0,207.607202424984
Carpet  Area,19-May,Rajaji Nagar,3 BHK,Coomege ,1100 - 1500,2.0,1.0,389.13851771307424
Super built-up  Area,18-Apr,Electronic City Phase II,3 Bedroom,Theanmp,1440,5.0,2.0,274.3051923215338
Built-up  Area,18-Dec,Old Airport Road,4 Bedroom,Mainpro,2700,3.0,2.0,256.78889042975743
Super built-up  Area,18-Dec,Kothanur,3 BHK,Prrscly,1521,5.0,0.0,99.12660854996295
Plot  Area,18-Dec,Old Airport Road,3 BHK,Mainpro,2600,4.0,3.0,44.46378214253626
Plot  Area,18-Apr,Uttarahalli,2 BHK,Coomege ,2600,4.0,2.0,159.9438366860993
Super built-up  Area,18-Apr,Whitefield,3 Bedroom,Theanmp,1206,3.0,1.0,303.5238716912671
Carpet  Area,18-Dec,Whitefield,3 BHK,SollyCl,1521,5.0,3.0,95.11636712951308
Built-up  Area,Ready To Move,Uttarahalli,3 BHK,SollyCl,2600,5.0,2.0,187.99883307931543
Plot  Area,Ready To Move,Old Airport Road,3 BHK,Coomege ,2700,3.0,0.0,202.59927897722466
Built-up  Area,18-Dec,Kothanur,1 BHK,Prrscly,1440,3.0,2.0,303.9753207045614
Built-up  Area,Ready To Move,Electronic City Phase II,3 Bedroom,Theanmp,1100 - 1500,3.0,1.0,293.5470098282927
Carpet  Area,18-Dec,Uttarahalli,1 BHK,Prrscly,1440,2.0,2.0,220.16071219184138
Super built-up  Area,Ready To Move,Lingadheeranahalli,4 BHK,SollyCl,1440,1.0,1.0,361.1560169823704
Carpet  Area,19-May,Rajaji Nagar,3 Bedroom,Prrscly,1056,4.0,1.0,238.14253747476707
Super built-up  Area,18-Dec,Rajaji Nagar,1 BHK,Mainpro,2600,3.0,3.0,146.94939711481217
Carpet  Area,19-May,Whitefield,1 BHK,nan,1206,2.0,2.0,72.72225375372932
Super built-up  Area,Ready To Move,Uttarahalli,1 BHK,Theanmp,1440,3.0,1.0,121.6283109709085
Plot  Area,Ready To Move,Kothanur,4 BHK,Coomege ,2600,4.0,0.0,223.38291206508316
Super built-up  Area,Ready To Move,Chikka Tirupathi,1 BHK,Prrscly,1056,4.0,3.0,194.6938854235258
Super built-up  Area,18-Apr,Old Airport Road,4 Bedroom,SollyCl,1206,1.0,1.0,303.69080286834975
Super built-up  Area,19-May,Rajaji Nagar,1 BHK,Prrscly,1521,1.0,2.0,232.1422140723322
Plot  Area,18-Dec,Old Airport Road,4 Bedroom,Mainpro,1440,1.0,2.0,210.50519427289996
Built-up  Area,Ready To Move,Rajaji Nagar,3 BHK,Theanmp,1100 - 1500,2.0,0.0,79.07325755499501
Carpet  Area,18-Apr,Chikka Tirupathi,4 Bedroom,Mainpro,2700,3.0,0.0,138.11980744287487
Carpet  Area,18-Apr,Rajaji Nagar,6 Bedroom,Prrscly,1440,1.0,0.0,36.32705484332626
Plot  Area,Ready To Move,Chikka Tirupathi,2 BHK,Mainpro,1310,5.0,0.0,173.33245247136267
Super built-up  Area,18-Apr,Lingadheeranahalli,6 Bedroom,SollyCl,2700,1.0,0.0,81.07052136093067
Carpet  Area,18-Apr,Lingadheeranahalli,3 BHK,nan,1310,4.0,0.0,50.746997248999044
Carpet  Area,19-May,Rajaji Nagar,3 BHK,Theanmp,1100 - 1500,1.0,2.0,130.63252912336736
Carpet  Area,18-Apr,Uttarahalli,1 BHK,Theanmp,1440,3.0,2.0,37.12293115504638
Built-up  Area,19-May,Uttarahalli,3 Bedroom,Theanmp,1206,2.0,3.0,131.25286984542947
Built-up  Area,18-Apr,Uttarahalli,4 Bedroom,Mainpro,1056,3.0,2.0,258.5522829973753
Carpet  Area,Ready To Move,Old Airport Road,4 BHK,Mainpro,1206,2.0,3.0,86.30817297931227
Built-up  Area,Ready To Move,Lingadheeranahalli,4 BHK,SollyCl,1206,1.0,1.0,71.58762390801864
Carpet  Area,Ready To Move,Chikka Tirupathi,6 Bedroom,SollyCl,1521,5.0,0.0,134.2329947257602
Carpet  Area,19-May,Rajaji Nagar,4 Bedroom,Theanmp,1206,4.0,1.0,119.970369229758
Super built-up  Area,19-May,Kothanur,2 BHK,Mainpro,2600,1.0,3.0,327.0652431478757
Built-up  Area,18-Apr,Whitefield,1 BHK,Mainpro,1440,3.0,1.0,70.56327332042885
Plot  Area,18-Dec,Electronic City Phase II,4 BHK,SollyCl,1440,5.0,3.0,224.9837684376457
Carpet  Area,Ready To Move,Chikka Tirupathi,6 Bedroom,SollyCl,1206,5.0,0.0,115.36593225225187
Carpet  Area,19-May,Rajaji Nagar,1 BHK,nan,1521,2.0,2.0,203.06025029448836
Plot  Area,19-May,Lingadheeranahalli,6 Bedroom,Mainpro,1206,5.0,1.0,58.83659165617054
Carpet  Area,19-May,Electronic City Phase II,1 BHK,Coomege ,2700,3.0,1.0,357.43326618533786
Super built-up  Area,18-Dec,Electronic City Phase II,3 BHK,nan,2600,4.0,3.0,79.48184291388321
Built-up  Area,Ready To Move,Whitefield,4 Bedroom,Prrscly,2600,3.0,3.0,46.97713135572612
Built-up  Area,18-Dec,Chikka Tirupathi,2 BHK,SollyCl,1440,5.0,1.0,288.9539395081153
Super built-up  Area,Ready To Move,Old Airport Road,6 Bedroom,nan,1521,4.0,2.0,388.7002559185669
Plot  Area,18-Dec,Uttarahalli,4 Bedroom,Theanmp,1056,1.0,1.0,53.64946579631639
Super built-up  Area,18-Dec,Whitefield,4 BHK,Mainpro,1521,5.0,2.0,277.34755100586284
Carpet  Area,Ready To Move,Lingadheeranahalli,3 Bedroom,Coomege ,1310,2.0,3.0,177.36113379045958
Built-up  Area,18-Dec,Lingadheeranahalli,1 BHK,Prrscly,1521,5.0,2.0,94.4370731350686
Carpet  Area,18-Dec,Whitefield,6 Bedroom,Coomege ,1440,2.0,0.0,203.73801934811098
Super built-up  Area,18-Dec,Uttarahalli,4 BHK,Coomege ,2700,3.0,0.0,330.41021913476675
Plot  Area,18-Apr,Rajaji Nagar,1 BHK,Theanmp,2700,4.0,1.0,261.9582143714763
Carpet  Area,Ready To Move,Old Airport Road,4 BHK,Coomege ,2700,4.0,1.0,172.76944684786926
Built-up  Area,18-Apr,Electronic City Phase II,6 Bedroom,Prrscly,1440,2.0,0.0,66.76634132190019
Carpet  Area,18-Dec,Whitefield,1 BHK,Prrscly,1310,4.0,2.0,350.4806979700408
Plot  Area,19-May,Rajaji Nagar,1 BHK,Mainpro,1521,3.0,1.0,181.2346297280232
Super built-up  Area,19-May,Uttarahalli,4 BHK,Prrscly,2600,2.0,1.0,187.92169466635167
Carpet  Area,18-Apr,Old Airport Road,3 BHK,Prrscly,1521,3.0,2.0,150.16784675853995
Carpet  Area,18-Dec,Old Airport Road,3 Bedroom,Theanmp,1206,5.0,3.0,316.8929802874696
Super built-up  Area,18-Apr,Whitefield,4 Bedroom,nan,2600,4.0,3.0,248.83176271526017
Carpet  Area,18-Apr,Lingadheeranahalli,4 Bedroom,Prrscly,1521,4.0,1.0,230.3523032885406
Carpet  Area,Ready To Move,Old Airport Road,1 BHK,Mainpro,1440,4.0,3.0,98.66295934158258
Plot  Area,Ready To Move,Kothanur,2 BHK,nan,1521,2.0,3.0,308.536804302673
Super built-up  Area,19-May,Rajaji Nagar,4 Bedroom,nan,1056,2.0,2.0,249.45540109995179
Super built-up  Area,Ready To Move,Chikka Tirupathi,6 Bedroom,Coomege ,2600,2.0,3.0,256.7896396331331
Carpet  Area,Ready To Move,Old Airport Road,2 BHK,Coomege ,1100 - 1500,2.0,0.0,186.7401104529353
Super built-up  Area,18-Apr,Electronic City Phase II,4 Bedroom,SollyCl,2700,1.0,1.0,315.7274431497108
Carpet  Area,18-Apr,Rajaji Nagar,3 Bedroom,Theanmp,1440,4.0,3.0,101.9382064756044
Plot  Area,19-May,Old Airport Road,4 Bedroom,Mainpro,1440,2.0,2.0,40.15964043235313
Built-up  Area,19-May,Lingadheeranahalli,1 BHK,Coomege ,1310,3.0,1.0,68.63757138742633
Super built-up  Area,18-Apr,Electronic City Phase II,6 Bedroom,Mainpro,2600,2.0,3.0,173.96680233210003
Super built-up  Area,18-Dec,Rajaji Nagar,3 Bedroom,Prrscly,1100 - 1500,3.0,2.0,160.05140057477104
Built-up  Area,Ready To Move,Kothanur,4 Bedroom,Mainpro,2600,4.0,3.0,385.43324510280513
Built-up  Area,19-May,Old Airport Road,3 Bedroom,Coomege ,2700,2.0,2.0,344.9818060980258
Built-up  Area,18-Apr,Chikka Tirupathi,3 Bedroom,Theanmp,2600,5.0,3.0,115.33677116318836
Carpet  Area,Ready To Move,Rajaji Nagar,4 Bedroom,nan,1206,5.0,1.0,261.8285039348091
Plot  Area,18-Apr,Whitefield,3 BHK,Mainpro,1206,1.0,3.0,291.7390020091827
Built-up  Area,18-Dec,Old Airport Road,3 Bedroom,Coomege ,1440,3.0,2.0,241.25035748801506
Super built-up  Area,18-Dec,Rajaji Nagar,3 BHK,Theanmp,1440,2.0,2.0,226.50960447709105
Built-up  Area,Ready To Move,Lingadheeranahalli,3 BHK,Prrscly,1310,2.0,0.0,379.6593856261823
Super built-up  Area,Ready To Move,Lingadheeranahalli,1 BHK,Mainpro,2600,3.0,2.0,101.03617227356618
Built-up  Area,19-May,Uttarahalli,4 Bedroom,nan,1310,4.0,3.0,359.0989069181605
Plot  Area,Ready To Move,Electronic City Phase II,4 Bedroom,Theanmp,2700,4.0,2.0,95.99034941535521
Super built-up  Area,19-May,Uttarahalli,6 Bedroom,nan,1440,4.0,2.0,74.15946902767575
Built-up  Area,18-Dec,Kothanur,2 BHK,Theanmp,1440,4.0,2.0,309.7042720470413
Super built-up  Area,19-May,Uttarahalli,1 BHK,SollyCl,1310,4.0,1.0,89.81282179475065
Plot  Area,Ready To Move,Chikka Tirupathi,2 BHK,Mainpro,2600,4.0,0.0,244.72026255126042
Carpet  Area,19-May,Rajaji Nagar,6 Bedroom,nan,2700,3.0,3.0,131.82069939522734
Built-up  Area,Ready To Move,Uttarahalli,1 BHK,nan,1056,5.0,1.0,394.23918981942916
Plot  Area,Ready To Move,Rajaji Nagar,1 BHK,Mainpro,2700,4.0,0.0,145.72842611430522
Super built-up  Area,18-Dec,Kothanur,6 Bedroom,SollyCl,1440,5.0,1.0,209.89186348298753
Built-up  Area,Ready To Move,Old Airport Road,6 Bedroom,Theanmp,1056,3.0,1.0,393.4670509905054
Carpet  Area,18-Dec,Chikka Tirupathi,2 BHK,Coomege ,2600,4.0,1.0,270.42734667313204
Plot  Area,18-Apr,Old Airport Road,4 BHK,SollyCl,1440,1.0,2.0,196.00505841092692
Built-up  Area,18-Dec,Lingadheeranahalli,4 Bedroom,nan,2600,4.0,0.0,87.53416163557193
Plot  Area,Ready To Move,Uttarahalli,4 BHK,nan,1056,4.0,3.0,201.77294397085194
Carpet  Area,19-May,Rajaji Nagar,4 Bedroom,Mainpro,2600,1.0,2.0,156.11327178239435
Carpet  Area,Ready To Move,Rajaji Nagar,4 BHK,Mainpro,2600,5.0,1.0,308.51380552292073
Plot  Area,19-May,Uttarahalli,3 Bedroom,Prrscly,1310,5.0,0.0,164.87922259205368
Plot  Area,19-May,Lingadheeranahalli,1 BHK,Theanmp,1310,2.0,0.0,301.7210674525886
Built-up  Area,19-May,Uttarahalli,3 BHK,Theanmp,1440,1.0,0.0,387.6690939489804
Plot  Area,Ready To Move,Old Airport Road,3 Bedroom,Prrscly,2600,2.0,3.0,219.95575142829998
Plot  Area,18-Apr,Chikka Tirupathi,2 BHK,Theanmp,1440,3.0,3.0,314.00931707141746
Plot  Area,18-Dec,Uttarahalli,6 Bedroom,nan,1206,1.0,0.0,119.53217344593024
Carpet  Area,18-Apr,Old Airport Road,3 Bedroom,Prrscly,1056,3.0,2.0,51.33313812192517
Built-up  Area,Ready To Move,Rajaji Nagar,4 BHK,Mainpro,1310,5.0,1.0,187.7178317453788
Super built-up  Area,19-May,Rajaji Nagar,4 BHK,Mainpro,1521,1.0,3.0,330.96760484784784
Built-up  Area,19-May,Electronic City Phase II,6 Bedroom,nan,1310,2.0,1.0,332.49604490060796
Built-up  Area,18-Dec,Uttarahalli,2 BHK,Coomege ,1440,2.0,0.0,328.78749249398845
Carpet  Area,Ready To Move,Whitefield,4 BHK,SollyCl,2700,2.0,0.0,158.75833413355076
Super built-up  Area,18-Dec,Whitefield,3 Bedroom,Coomege ,1521,3.0,1.0,31.866011262128026
Carpet  Area,18-Apr,Whitefield,3 BHK,SollyCl,1056,2.0,0.0,395.3396358572764
Built-up  Area,18-Apr,Old Airport Road,2 BHK,Coomege ,2600,1.0,3.0,106.5214231643171
Super built-up  Area,19-May,Chikka Tirupathi,6 Bedroom,Theanmp,2700,3.0,0.0,357.4928782837114
Super built-up  Area,18-Dec,Chikka Tirupathi,3 BHK,Coomege ,1440,3.0,0.0,223.49116353934318
Built-up  Area,18-Dec,Kothanur,4 BHK,Mainpro,1056,5.0,3.0,149.58725487336443
Carpet  Area,18-Dec,Whitefield,2 BHK,Coomege ,1521,4.0,0.0,351.85904242095364
Plot  Area,Ready To Move,Lingadheeranahalli,3 BHK,Prrscly,1310,3.0,3.0,247.75668142005202
Plot  Area,19-May,Kothanur,4 Bedroom,SollyCl,1100 - 1500,5.0,2.0,30.345009377921656
Plot  Area,Ready To Move,Uttarahalli,2 BHK,Theanmp,2600,1.0,3.0,373.764146829621
Plot  Area,18-Apr,Kothanur,4 BHK,SollyCl,1100 - 1500,3.0,2.0,320.69129937218645
Built-up  Area,Ready To Move,Electronic City Phase II,1 BHK,Mainpro,2700,4.0,3.0,158.11634770621555
Built-up  Area,19-May,Uttarahalli,3 Bedroom,Prrscly,1100 - 1500,5.0,3.0,370.54917577423066
Built-up  Area,18-Dec,Chikka Tirupathi,4 Bedroom,Coomege ,2700,1.0,2.0,207.23989506350296
Carpet  Area,18-Dec,Rajaji Nagar,3 Bedroom,Prrscly,1521,3.0,2.0,202.29855857986192
Plot  Area,18-Apr,Rajaji Nagar,6 Bedroom,SollyCl,1440,4.0,3.0,368.9308983571518
Super built-up  Area,19-May,Uttarahalli,2 BHK,Theanmp,1056,1.0,0.0,236.16694392725097
Super built-up  Area,18-Dec,Chikka Tirupathi,2 BHK,Mainpro,2700,2.0,0.0,289.53278397861965
Super built-up  Area,Ready To Move,Old Airport Road,4 Bedroom,Coomege ,2700,4.0,2.0,140.11279509378613
Super built-up  Area,18-Dec,Uttarahalli,3 BHK,Theanmp,1521,2.0,2.0,354.2320447124044
Plot  Area,19-May,Uttarahalli,4 Bedroom,nan,1056,1.0,3.0,351.9270083031612
Super built-up  Area,18-Dec,Kothanur,4 BHK,nan,1100 - 1500,5.0,1.0,258.77286194213326
Super built-up  Area,19-May,Kothanur,4 Bedroom,SollyCl,1310,1.0,1.0,294.8594562817782
Built-up  Area,18-Dec,Lingadheeranahalli,4 BHK,Theanmp,1206,3.0,0.0,307.64620746712404
Built-up  Area,18-Dec,Chikka Tirupathi,2 BHK,Mainpro,2600,2.0,1.0,350.73214773990725
Built-up  Area,18-Apr,Whitefield,2 BHK,Prrscly,1100 - 1500,1.0,1.0,206.39467063090171
Built-up  Area,18-Apr,Uttarahalli,3 BHK,nan,1100 - 1500,3.0,2.0,330.9549122378665
Plot  Area,18-Apr,Uttarahalli,2 BHK,nan,1521,4.0,2.0,163.42480427256012
Plot  Area,18-Apr,Uttarahalli,4 BHK,Mainpro,1056,3.0,1.0,84.12085251828236
Plot  Area,19-May,Chikka Tirupathi,6 Bedroom,nan,1521,4.0,1.0,45.5571033196927
Plot  Area,19-May,Lingadheeranahalli,3 BHK,SollyCl,1310,5.0,0.0,260.6243210240048
Super built-up  Area,18-Dec,Chikka Tirupathi,4 Bedroom,Theanmp,1056,2.0,0.0,171.01354105364123
Carpet  Area,Ready To Move,Kothanur,1 BHK,Prrscly,2700,3.0,0.0,277.06689526180037
Super built-up  Area,18-Apr,Kothanur,4 BHK,nan,1440,3.0,1.0,260.34859444456913
Built-up  Area,19-May,Lingadheeranahalli,4 Bedroom,Mainpro,1206,2.0,3.0,178.94205959711365
Built-up  Area,Ready To Move,Kothanur,4 Bedroom,Mainpro,1310,2.0,0.0,41.30777232582136
Super built-up  Area,Ready To Move,Rajaji Nagar,4 Bedroom,nan,1206,4.0,3.0,338.6305069754876
Carpet  Area,Ready To Move,Rajaji Nagar,3 Bedroom,Coomege ,1440,4.0,0.0,328.9860554658394
Carpet  Area,Ready To Move,Chikka Tirupathi,4 BHK,SollyCl,2700,3.0,2.0,104.38255846905803
Super built-up  Area,Ready To Move,Uttarahalli,3 BHK,Mainpro,1206,4.0,0.0,364.9921352629942
Built-up  Area,18-Dec,Lingadheeranahalli,6 Bedroom,SollyCl,1521,2.0,0.0,272.21975705672855
Plot  Area,19-May,Chikka Tirupathi,3 Bedroom,nan,2700,2.0,0.0,208.77014475922886
Carpet  Area,18-Dec,Electronic City Phase II,1 BHK,Coomege ,1206,2.0,2.0,228.67572696095863
Carpet  Area,Ready To Move,Chikka Tirupathi,6 Bedroom,Prrscly,1521,5.0,0.0,251.01428991338304
Carpet  Area,Ready To Move,Whitefield,3 Bedroom,nan,1310,3.0,1.0,214.40546556080636
Built-up  Area,Ready To Move,Electronic City Phase II,3 BHK,nan,2700,2.0,2.0,251.03921605501756
Built-up  Area,19-May,Electronic City Phase II,6 Bedroom,nan,1521,5.0,0.0,354.0374080561845
Carpet  Area,18-Apr,Kothanur,6 Bedroom,Theanmp,1100 - 1500,2.0,1.0,56.061140336192466
Plot  Area,19-May,Uttarahalli,6 Bedroom,Coomege ,1310,2.0,1.0,339.2088185948662
Carpet  Area,18-Apr,Electronic City Phase II,4 BHK,Theanmp,1521,5.0,1.0,85.70016447722347
Carpet  Area,Ready To Move,Kothanur,1 BHK,Coomege ,1206,3.0,0.0,72.8248124673652
Built-up  Area,Ready To Move,Whitefield,4 Bedroom,Coomege ,1440,1.0,0.0,163.23324798583653
Carpet  Area,19-May,Old Airport Road,4 BHK,nan,2700,4.0,2.0,265.40866656700393
Built-up  Area,Ready To Move,Rajaji Nagar,1 BHK,Theanmp,1100 - 1500,3.0,1.0,275.6666724676411
Carpet  Area,Ready To Move,Chikka Tirupathi,1 BHK,nan,2700,1.0,1.0,65.01362790100416
Built-up  Area,19-May,Kothanur,6 Bedroom,Prrscly,2700,1.0,3.0,253.12884690932637
Built-up  Area,19-May,Whitefield,6 Bedroom,Prrscly,1440,2.0,1.0,141.74909623757486
Carpet  Area,19-May,Old Airport Road,1 BHK,Coomege ,1100 - 1500,2.0,1.0,83.2281839684839
Built-up  Area,19-May,Uttarahalli,6 Bedroom,SollyCl,1310,4.0,3.0,43.59927288249209
Carpet  Area,19-May,Chikka Tirupathi,3 BHK,Prrscly,1440,1.0,3.0,287.8943646677265
Super built-up  Area,19-May,Kothanur,6 Bedroom,Theanmp,1206,4.0,0.0,323.0542289825221
Built-up  Area,18-Apr,Chikka Tirupathi,3 Bedroom,nan,1056,1.0,1.0,377.26689230616927
Built-up  Area,19-May,Lingadheeranahalli,6 Bedroom,nan,2600,5.0,1.0,284.16027514809076
Plot  Area,Ready To Move,Chikka Tirupathi,4 Bedroom,SollyCl,1521,5.0,3.0,295.7779726437617
Plot  Area,19-May,Whitefield,2 BHK,nan,1056,2.0,2.0,168.19723579446458
Super built-up  Area,Ready To Move,Electronic City Phase II,4 Bedroom,Prrscly,1440,1.0,0.0,110.72837609809501
Super built-up  Area,Ready To Move,Old Airport Road,1 BHK,nan,1056,1.0,3.0,313.9675272413901
Built-up  Area,Ready To Move,Kothanur,3 Bedroom,nan,1100 - 1500,4.0,0.0,61.565638637306165
Plot  Area,18-Apr,Electronic City Phase II,6 Bedroom,Mainpro,1100 - 1500,3.0,0.0,192.96219015346838
Built-up  Area,Ready To Move,Chikka Tirupathi,4 Bedroom,Theanmp,1100 - 1500,2.0,2.0,163.36672308410567
Built-up  Area,18-Apr,Electronic City Phase II,1 BHK,Prrscly,1206,2.0,3.0,246.2175972359919
Built-up  Area,18-Apr,Kothanur,3 Bedroom,nan,2700,4.0,2.0,259.7806760449748
Super built-up  Area,Ready To Move,Lingadheeranahalli,3 Bedroom,Mainpro,1310,2.0,3.0,228.54646451758472
Super built-up  Area,18-Apr,Electronic City Phase II,1 BHK,SollyCl,1440,1.0,0.0,287.05980409395903
Plot  Area,18-Dec,Rajaji Nagar,4 Bedroom,SollyCl,2600,5.0,1.0,252.05581057837674
Carpet  Area,19-May,Lingadheeranahalli,6 Bedroom,Coomege ,1440,3.0,2.0,230.17164164121448
Carpet  Area,18-Dec,Kothanur,3 Bedroom,Coomege ,1310,4.0,1.0,193.12559832499994
Carpet  Area,Ready To Move,Lingadheeranahalli,6 Bedroom,Theanmp,1206,5.0,0.0,66.29069204906543
Super built-up  Area,18-Dec,Uttarahalli,6 Bedroom,Theanmp,1521,1.0,3.0,256.8764927553039
Plot  Area,Ready To Move,Chikka Tirupathi,4 BHK,Mainpro,2700,3.0,1.0,236.37521278304024
Super built-up  Area,Ready To Move,Lingadheeranahalli,1 BHK,Mainpro,2700,1.0,2.0,390.964380606285
Built-up  Area,18-Dec,Rajaji Nagar,2 BHK,Theanmp,1100 - 1500,1.0,3.0,74.29209848058187
Built-up  Area,Ready To Move,Rajaji Nagar,1 BHK,Prrscly,1310,4.0,1.0,238.37226669525157
Built-up  Area,Ready To Move,Electronic City Phase II,2 BHK,Mainpro,1056,1.0,0.0,136.208147338542
Super built-up  Area,18-Apr,Kothanur,1 BHK,Mainpro,1206,5.0,3.0,340.5097323548253
Plot  Area,19-May,Kothanur,3 Bedroom,Mainpro,1521,5.0,2.0,78.01883872401935
Built-up  Area,18-Dec,Rajaji Nagar,3 Bedroom,Prrscly,1310,5.0,2.0,398.3064642506974
Plot  Area,18-Apr,Chikka Tirupathi,3 Bedroom,Prrscly,1440,4.0,3.0,224.70968302039304
Plot  Area,18-Apr,Whitefield,2 BHK,Theanmp,1440,2.0,3.0,234.80475925752575
Built-up  Area,18-Apr,Whitefield,3 Bedroom,Mainpro,2700,2.0,0.0,210.76689911170484
Super built-up  Area,Ready To Move,Kothanur,2 BHK,SollyCl,1521,3.0,2.0,290.72444803526474
Plot  Area,Ready To Move,Kothanur,4 BHK,Theanmp,1100 - 1500,5.0,0.0,116.68681821252831
Super built-up  Area,Ready To Move,Chikka Tirupathi,1 BHK,nan,2600,4.0,1.0,207.18822753996656
Carpet  Area,18-Apr,Kothanur,4 BHK,Theanmp,2600,4.0,3.0,393.85689912824154
Plot  Area,Ready To Move,Rajaji Nagar,4 BHK,Coomege ,1521,2.0,1.0,311.1496527606745
Super built-up  Area,18-Dec,Lingadheeranahalli,3 Bedroom,Coomege ,1440,1.0,0.0,123.916974590191
Carpet  Area,Ready To Move,Lingadheeranahalli,2 BHK,Mainpro,1440,1.0,0.0,313.4981345681523
Super built-up  Area,18-Dec,Lingadheeranahalli,4 Bedroom,SollyCl,2700,4.0,3.0,98.4883212787853
Built-up  Area,Ready To Move,Uttarahalli,2 BHK,Theanmp,1056,4.0,3.0,330.5999253227043
Plot  Area,18-Dec,Electronic City Phase II,1 BHK,Theanmp,1100 - 1500,3.0,2.0,396.6880824473512
Super built-up  Area,18-Dec,Whitefield,3 BHK,SollyCl,1206,1.0,1.0,150.75836036044325
Super built-up  Area,18-Dec,Old Airport Road,3 Bedroom,nan,1310,5.0,3.0,35.632938533094965
Plot  Area,18-Dec,Rajaji Nagar,1 BHK,Coomege ,1521,4.0,2.0,228.45012257651663
Plot  Area,18-Dec,Lingadheeranahalli,4 BHK,Coomege ,2600,3.0,3.0,129.12010022592432
Carpet  Area,19-May,Kothanur,4 BHK,nan,1056,4.0,3.0,394.9927617880519
Built-up  Area,18-Apr,Chikka Tirupathi,3 Bedroom,nan,2700,4.0,0.0,107.86764741233756
Carpet  Area,18-Apr,Chikka Tirupathi,3 BHK,Coomege ,2600,3.0,0.0,389.3659047053382
Plot  Area,Ready To Move,Old Airport Road,1 BHK,nan,1100 - 1500,4.0,1.0,183.92584001850673
Super built-up  Area,18-Apr,Electronic City Phase II,2 BHK,nan,1056,1.0,1.0,184.27802692044605
Carpet  Area,18-Dec,Chikka Tirupathi,3 BHK,nan,1310,1.0,0.0,186.22747438568794
Carpet  Area,18-Apr,Lingadheeranahalli,6 Bedroom,Theanmp,1056,4.0,1.0,66.39548573274826
Carpet  Area,18-Apr,Lingadheeranahalli,3 Bedroom,Theanmp,2700,5.0,3.0,226.16439956236312
Carpet  Area,19-May,Uttarahalli,4 Bedroom,Coomege ,1056,4.0,3.0,125.84885629930362
Built-up  Area,19-May,Old Airport Road,6 Bedroom,Theanmp,1206,5.0,3.0,257.1244561176229
Built-up  Area,18-Apr,Rajaji Nagar,2 BHK,SollyCl,2600,2.0,3.0,44.09405361510275
Super built-up  Area,Ready To Move,Uttarahalli,3 Bedroom,Mainpro,1440,5.0,0.0,363.89221968008735
Carpet  Area,18-Apr,Electronic City Phase II,2 BHK,nan,1100 - 1500,2.0,2.0,386.3000807341402
Super built-up  Area,19-May,Whitefield,4 BHK,SollyCl,2700,3.0,1.0,121.74603650008764
Plot  Area,19-May,Lingadheeranahalli,3 BHK,Mainpro,1056,2.0,0.0,82.3857580411381
Carpet  Area,18-Apr,Rajaji Nagar,2 BHK,Coomege ,1056,5.0,0.0,149.96600038243838
Plot  Area,18-Dec,Old Airport Road,4 Bedroom,nan,1206,5.0,0.0,391.4635130110281
Super built-up  Area,18-Apr,Whitefield,4 BHK,SollyCl,2700,2.0,1.0,265.03496357231404
Carpet  Area,18-Apr,Rajaji Nagar,3 Bedroom,Theanmp,2700,5.0,3.0,304.92174873621497
Carpet  Area,19-May,Electronic City Phase II,3 Bedroom,nan,2600,2.0,0.0,373.8247544071989
Super built-up  Area,Ready To Move,Rajaji Nagar,6 Bedroom,Mainpro,1056,3.0,3.0,273.54938277602446
Super built-up  Area,18-Apr,Kothanur,6 Bedroom,nan,1521,1.0,0.0,303.9811503169916
Carpet  Area,19-May,Whitefield,4 Bedroom,nan,1521,2.0,1.0,331.4145296943797
Built-up  Area,18-Dec,Old Airport Road,4 Bedroom,Mainpro,1310,2.0,1.0,278.8833625022378
Carpet  Area,Ready To Move,Chikka Tirupathi,2 BHK,Coomege ,1100 - 1500,5.0,1.0,159.88123845991947
Carpet  Area,Ready To Move,Lingadheeranahalli,6 Bedroom,Mainpro,1056,2.0,2.0,51.12786390994877
Carpet  Area,Ready To Move,Rajaji Nagar,4 Bedroom,Coomege ,1440,1.0,0.0,287.20541103300076
Built-up  Area,19-May,Uttarahalli,3 Bedroom,Theanmp,1100 - 1500,1.0,2.0,269.938453010598
Built-up  Area,18-Dec,Chikka Tirupathi,4 Bedroom,Theanmp,1440,2.0,1.0,125.61877297928051
Plot  Area,18-Apr,Old Airport Road,1 BHK,SollyCl,1521,3.0,0.0,358.8487227560688
Carpet  Area,19-May,Uttarahalli,6 Bedroom,Mainpro,1100 - 1500,1.0,1.0,59.225559779891654
Carpet  Area,18-Dec,Old Airport Road,3 BHK,SollyCl,1206,5.0,3.0,136.2318590465681
Built-up  Area,18-Apr,Electronic City Phase II,2 BHK,nan,1056,1.0,3.0,31.25067490591198
Carpet  Area,19-May,Uttarahalli,1 BHK,Prrscly,1206,2.0,3.0,396.40629040005626
Carpet  Area,Ready To Move,Whitefield,2 BHK,nan,1206,1.0,2.0,334.2920866967208
Plot  Area,18-Apr,Electronic City Phase II,3 Bedroom,Theanmp,1521,2.0,0.0,314.9461535540547
Super built-up  Area,Ready To Move,Uttarahalli,2 BHK,Coomege ,1521,4.0,0.0,30.538973238135164
Built-up  Area,19-May,Rajaji Nagar,4 BHK,Theanmp,2700,3.0,1.0,79.99879437551013
Carpet  Area,Ready To Move,Lingadheeranahalli,4 Bedroom,Coomege ,2600,4.0,3.0,33.77017009321667
Super built-up  Area,18-Dec,Whitefield,3 Bedroom,Theanmp,1206,4.0,3.0,311.3674157928117
Super built-up  Area,19-May,Uttarahalli,3 Bedroom,Mainpro,1440,1.0,0.0,193.0085296915143
Super built-up  Area,18-Apr,Whitefield,3 Bedroom,Prrscly,2700,5.0,0.0,363.24930328667915
Carpet  Area,18-Dec,Rajaji Nagar,4 BHK,SollyCl,2700,4.0,1.0,210.1010669384458
Super built-up  Area,18-Apr,Whitefield,3 Bedroom,nan,2700,2.0,3.0,306.65514477570986
Built-up  Area,Ready To Move,Electronic City Phase II,3 Bedroom,Prrscly,1310,5.0,3.0,396.35293795129223
Built-up  Area,18-Apr,Whitefield,4 BHK,Theanmp,1310,5.0,3.0,305.95030805301747
Built-up  Area,Ready To Move,Chikka Tirupathi,1 BHK,Theanmp,1310,5.0,2.0,284.8014721040801
Plot  Area,18-Dec,Old Airport Road,4 Bedroom,SollyCl,1310,4.0,1.0,99.50445351573548
Built-up  Area,Ready To Move,Chikka Tirupathi,6 Bedroom,Coomege ,1310,1.0,2.0,355.52508650892315
Super built-up  Area,19-May,Electronic City Phase II,4 Bedroom,Theanmp,1440,3.0,2.0,334.991483306787
Super built-up  Area,18-Dec,Electronic City Phase II,4 BHK,SollyCl,1206,1.0,1.0,323.70170261324466
Super built-up  Area,18-Dec,Lingadheeranahalli,3 BHK,Prrscly,1521,4.0,3.0,165.61385278892627
Plot  Area,19-May,Kothanur,4 Bedroom,SollyCl,1521,1.0,3.0,36.763614302925276
Carpet  Area,18-Apr,Lingadheeranahalli,4 BHK,SollyCl,2700,1.0,3.0,186.93734470939245
Super built-up  Area,19-May,Old Airport Road,4 Bedroom,Prrscly,1521,4.0,1.0,331.16702759136535
Built-up  Area,18-Apr,Lingadheeranahalli,2 BHK,nan,1056,4.0,3.0,373.449813819013
Plot  Area,18-Dec,Rajaji Nagar,4 BHK,Prrscly,1310,5.0,0.0,374.59182737736364
Super built-up  Area,Ready To Move,Uttarahalli,3 BHK,nan,2600,1.0,3.0,52.91895477130107
Carpet  Area,18-Dec,Old Airport Road,3 BHK,Mainpro,1521,3.0,2.0,346.3956516816461
Plot  Area,19-May,Electronic City Phase II,6 Bedroom,Prrscly,1440,1.0,2.0,371.38963582098313
Built-up  Area,Ready To Move,Chikka Tirupathi,1 BHK,Theanmp,2600,3.0,0.0,95.02512258020245
Super built-up  Area,Ready To Move,Lingadheeranahalli,6 Bedroom,Mainpro,1440,4.0,2.0,110.8798306692383
Carpet  Area,18-Apr,Chikka Tirupathi,2 BHK,SollyCl,1440,5.0,1.0,63.12673153752788
Built-up  Area,19-May,Lingadheeranahalli,4 Bedroom,Coomege ,1521,2.0,1.0,360.53329682490227
Carpet  Area,18-Dec,Whitefield,6 Bedroom,Coomege ,1100 - 1500,1.0,2.0,109.96543126386041
Built-up  Area,Ready To Move,Whitefield,1 BHK,Coomege ,1056,2.0,0.0,146.0632350558813
Built-up  Area,Ready To Move,Electronic City Phase II,4 Bedroom,SollyCl,1440,2.0,1.0,265.7238379478665
Super built-up  Area,18-Apr,Chikka Tirupathi,4 BHK,Prrscly,1206,3.0,0.0,351.086713806711
Built-up  Area,18-Apr,Chikka Tirupathi,4 Bedroom,Theanmp,1056,1.0,2.0,78.54726146196631
Carpet  Area,Ready To Move,Whitefield,6 Bedroom,SollyCl,1310,4.0,3.0,264.813818340122
Plot  Area,18-Dec,Rajaji Nagar,4 Bedroom,Theanmp,1100 - 1500,1.0,3.0,230.88290219199644
Carpet  Area,19-May,Lingadheeranahalli,3 Bedroom,Mainpro,1100 - 1500,1.0,1.0,367.6372125367006
Super built-up  Area,18-Dec,Rajaji Nagar,4 Bedroom,Theanmp,1310,3.0,1.0,147.98943828693544
Carpet  Area,18-Dec,Whitefield,2 BHK,Theanmp,1440,3.0,3.0,35.53980468874618
Built-up  Area,Ready To Move,Kothanur,4 BHK,Prrscly,2700,2.0,3.0,249.68772278237853
Plot  Area,19-May,Whitefield,4 Bedroom,Theanmp,1206,1.0,3.0,51.04468595697348
Super built-up  Area,18-Dec,Uttarahalli,6 Bedroom,SollyCl,1056,4.0,2.0,374.70493750190917
Carpet  Area,18-Apr,Chikka Tirupathi,4 Bedroom,nan,2700,3.0,3.0,84.16427577519374
Plot  Area,Ready To Move,Lingadheeranahalli,2 BHK,Coomege ,2600,3.0,1.0,184.5267618150256
Built-up  Area,Ready To Move,Old Airport Road,2 BHK,Prrscly,2700,5.0,2.0,187.35318098084713
Plot  Area,18-Apr,Electronic City Phase II,3 BHK,nan,1056,5.0,1.0,162.06205043694305
Plot  Area,18-Dec,Chikka Tirupathi,6 Bedroom,Prrscly,2700,3.0,0.0,126.54113823282026
Plot  Area,19-May,Rajaji Nagar,3 Bedroom,Mainpro,2600,2.0,2.0,315.6372501783019
Plot  Area,Ready To Move,Electronic City Phase II,3 BHK,Coomege ,1521,3.0,3.0,106.4910342031718
Super built-up  Area,18-Dec,Rajaji Nagar,3 Bedroom,SollyCl,1310,5.0,2.0,372.40845688336384
Plot  Area,18-Apr,Whitefield,4 BHK,SollyCl,1440,3.0,3.0,349.5929737006582
Carpet  Area,Ready To Move,Whitefield,3 Bedroom,SollyCl,1310,4.0,3.0,169.41775540163428
Super built-up  Area,18-Dec,Uttarahalli,6 Bedroom,Theanmp,1310,5.0,0.0,154.27182557234036
Built-up  Area,18-Apr,Electronic City Phase II,4 Bedroom,SollyCl,1440,1.0,1.0,118.1143383044488
Built-up  Area,18-Dec,Whitefield,4 BHK,Prrscly,1056,2.0,0.0,78.38843630344226
Carpet  Area,18-Apr,Chikka Tirupathi,4 BHK,Theanmp,1310,2.0,1.0,248.1470837997084
Super built-up  Area,Ready To Move,Chikka Tirupathi,2 BHK,nan,1440,4.0,0.0,182.6953851739204
Plot  Area,Ready To Move,Old Airport Road,4 Bedroom,Prrscly,2700,2.0,2.0,358.73759872258677
Carpet  Area,19-May,Electronic City Phase II,6 Bedroom,SollyCl,1100 - 1500,1.0,0.0,152.9004455466433
Built-up  Area,Ready To Move,Lingadheeranahalli,6 Bedroom,SollyCl,1310,3.0,3.0,233.15840213360417
Super built-up  Area,18-Apr,Kothanur,3 BHK,Prrscly,2600,5.0,0.0,369.62650433769613
Super built-up  Area,18-Dec,Lingadheeranahalli,4 Bedroom,nan,2700,2.0,3.0,143.8388482827171
Plot  Area,19-May,Chikka Tirupathi,2 BHK,nan,2700,2.0,1.0,136.86371671157508
Carpet  Area,19-May,Chikka Tirupathi,3 Bedroom,Prrscly,1100 - 1500,3.0,1.0,49.92257357510643
Built-up  Area,18-Apr,Lingadheeranahalli,2 BHK,SollyCl,2600,4.0,1.0,122.33200115635188
Carpet  Area,19-May,Rajaji Nagar,6 Bedroom,Theanmp,1310,1.0,1.0,88.097136523933
Built-up  Area,18-Apr,Uttarahalli,1 BHK,SollyCl,1521,4.0,3.0,211.61328376887778
Built-up  Area,18-Dec,Kothanur,4 Bedroom,nan,2700,1.0,2.0,182.20007621028486
Plot  Area,18-Dec,Rajaji Nagar,6 Bedroom,SollyCl,1310,4.0,1.0,165.7107165699785
Carpet  Area,Ready To Move,Uttarahalli,4 Bedroom,Prrscly,1056,3.0,0.0,186.20717291404418
Plot  Area,Ready To Move,Whitefield,4 BHK,SollyCl,1521,4.0,3.0,308.37954007228404
Carpet  Area,Ready To Move,Whitefield,3 BHK,SollyCl,1056,5.0,1.0,203.9424852646702
Super built-up  Area,Ready To Move,Electronic City Phase II,2 BHK,Coomege ,1310,5.0,1.0,84.7909036946783
Plot  Area,18-Apr,Old Airport Road,1 BHK,Theanmp,1440,1.0,3.0,52.24148297816204
Super built-up  Area,Ready To Move,Chikka Tirupathi,3 BHK,Theanmp,1521,5.0,1.0,350.7899518381068
Super built-up  Area,18-Dec,Lingadheeranahalli,1 BHK,Theanmp,1521,4.0,3.0,203.27531450273338
Carpet  Area,19-May,Uttarahalli,4 Bedroom,Theanmp,2600,3.0,0.0,328.411519133481
Super built-up  Area,Ready To Move,Old Airport Road,6 Bedroom,Prrscly,1100 - 1500,3.0,1.0,294.86060715375083
Built-up  Area,Ready To Move,Old Airport Road,3 BHK,nan,2700,4.0,3.0,85.10753858230473
Plot  Area,18-Dec,Chikka Tirupathi,1 BHK,Theanmp,2700,4.0,3.0,364.2277085918743
Carpet  Area,18-Apr,Rajaji Nagar,1 BHK,SollyCl,2700,4.0,3.0,56.26550428234091
Plot  Area,18-Dec,Whitefield,3 BHK,SollyCl,1440,5.0,0.0,160.06518700634115
Carpet  Area,19-May,Kothanur,6 Bedroom,nan,1440,2.0,0.0,283.2549493581703
Built-up  Area,19-May,Chikka Tirupathi,6 Bedroom,Theanmp,1206,3.0,3.0,359.1078399927195
Built-up  Area,Ready To Move,Kothanur,4 BHK,Mainpro,1521,4.0,3.0,159.2400113233178
Built-up  Area,Ready To Move,Old Airport Road,4 Bedroom,nan,2600,1.0,2.0,324.76255276336394
Built-up  Area,18-Dec,Lingadheeranahalli,4 Bedroom,Coomege ,1440,3.0,3.0,344.9250393339039
Plot  Area,18-Dec,Rajaji Nagar,6 Bedroom,Prrscly,1521,2.0,3.0,121.54075665429697
Built-up  Area,Ready To Move,Whitefield,4 BHK,Mainpro,2600,2.0,0.0,222.8753943297923
Plot  Area,Ready To Move,Kothanur,1 BHK,Coomege ,1056,3.0,0.0,321.13386584823064
Built-up  Area,18-Dec,Rajaji Nagar,4 Bedroom,SollyCl,1440,4.0,2.0,322.28323643420174
Carpet  Area,18-Apr,Kothanur,4 Bedroom,SollyCl,2700,2.0,3.0,85.32208415736204
Carpet  Area,18-Dec,Whitefield,6 Bedroom,Prrscly,1310,3.0,1.0,331.66111518354865
Built-up  Area,Ready To Move,Kothanur,3 Bedroom,SollyCl,1521,4.0,1.0,327.1344294699908
Plot  Area,Ready To Move,Chikka Tirupathi,4 BHK,nan,2600,1.0,0.0,331.69605871490324
Plot  Area,Ready To Move,Whitefield,4 BHK,nan,2700,1.0,2.0,105.81198920705747
Plot  Area,18-Apr,Whitefield,3 Bedroom,nan,1100 - 1500,4.0,3.0,382.9507801976578
Built-up  Area,19-May,Chikka Tirupathi,3 BHK,nan,1521,5.0,0.0,104.0915825189496
Built-up  Area,Ready To Move,Lingadheeranahalli,3 BHK,Mainpro,1206,5.0,3.0,266.6411661575611
Carpet  Area,Ready To Move,Whitefield,2 BHK,Coomege ,2700,4.0,0.0,333.0796902461398
Super built-up  Area,Ready To Move,Rajaji Nagar,3 BHK,nan,1440,4.0,3.0,255.7357416610864
Carpet  Area,18-Apr,Uttarahalli,2 BHK,Mainpro,1100 - 1500,3.0,1.0,183.64080714550425
Plot  Area,19-May,Rajaji Nagar,3 BHK,nan,1100 - 1500,3.0,1.0,310.54070949800047
